-- MySQL dump 10.13  Distrib 8.0.19, for Win64 (x86_64)
--
-- Host: localhost    Database: mydb
-- ------------------------------------------------------
-- Server version	5.5.5-10.4.32-MariaDB

/*!40101 SET @OLD_CHARACTER_SET_CLIENT=@@CHARACTER_SET_CLIENT */;
/*!40101 SET @OLD_CHARACTER_SET_RESULTS=@@CHARACTER_SET_RESULTS */;
/*!40101 SET @OLD_COLLATION_CONNECTION=@@COLLATION_CONNECTION */;
/*!50503 SET NAMES utf8mb4 */;
/*!40103 SET @OLD_TIME_ZONE=@@TIME_ZONE */;
/*!40103 SET TIME_ZONE='+00:00' */;
/*!40014 SET @OLD_UNIQUE_CHECKS=@@UNIQUE_CHECKS, UNIQUE_CHECKS=0 */;
/*!40014 SET @OLD_FOREIGN_KEY_CHECKS=@@FOREIGN_KEY_CHECKS, FOREIGN_KEY_CHECKS=0 */;
/*!40101 SET @OLD_SQL_MODE=@@SQL_MODE, SQL_MODE='NO_AUTO_VALUE_ON_ZERO' */;
/*!40111 SET @OLD_SQL_NOTES=@@SQL_NOTES, SQL_NOTES=0 */;

--
-- Table structure for table `arbitro`
--

DROP TABLE IF EXISTS `arbitro`;
/*!40101 SET @saved_cs_client     = @@character_set_client */;
/*!50503 SET character_set_client = utf8mb4 */;
CREATE TABLE `arbitro` (
  `id_arbitro` int(11) NOT NULL,
  `nombre` varchar(25) DEFAULT NULL,
  `apellidos` varchar(30) DEFAULT NULL,
  `telefono` varchar(10) DEFAULT NULL,
  `nacionalidad` varchar(25) DEFAULT NULL,
  PRIMARY KEY (`id_arbitro`)
) ENGINE=InnoDB DEFAULT CHARSET=utf8 COLLATE=utf8_general_ci;
/*!40101 SET character_set_client = @saved_cs_client */;

--
-- Dumping data for table `arbitro`
--

LOCK TABLES `arbitro` WRITE;
/*!40000 ALTER TABLE `arbitro` DISABLE KEYS */;
INSERT INTO `arbitro` VALUES (1,'Luis','García','123456789','Mexicano'),(2,'Ana','Martínez','987654321','Español'),(3,'Carlos','Rodríguez','234567890','Argentino'),(4,'María','Fernández','876543210','Colombiano'),(5,'Alejandro','Pérez','345678901','Chileno'),(6,'Laura','Gutiérrez','789012345','Peruano'),(7,'Javier','Sánchez','456789012','Ecuatoriano'),(8,'Patricia','López','890123456','Costarricense'),(9,'José','Ramírez','567890123','Guatemalteco'),(10,'Isabel','Torres','901234567','Dominicano'),(11,'Francisco','Díaz','654321098','Venezolano'),(12,'Raquel','González','109876543','Panameño'),(13,'Miguel','Vargas','321098765','Boliviano'),(14,'Claudia','Jiménez','765432109','Paraguayo'),(15,'Andrés','Hernández','210987654','Uruguayo'),(16,'Carolina','Ruiz','543210987','Salvadoreño'),(17,'Rafael','Soto','876543210','Cubano'),(18,'Elena','Torres','109876543','Hondureño'),(19,'Juan Carlos','Ramírez','987654321','Nicaragüense'),(20,'Marta','Martínez','567890123','Puertorriqueño'),(21,'Alberto','Rodríguez','123456789','Brasileño'),(22,'Laura','Sánchez','432109876','Portugués'),(23,'Sergio','Gómez','890123456','Italiano'),(24,'María','Díaz','654321098','Francés'),(25,'Antonio','Pérez','210987654','Español'),(26,'Paula','Sánchez','987654321','Mexicano'),(27,'Javier','López','345678901','Argentino'),(28,'Carmen','Ruiz','876543210','Colombiano'),(29,'Daniel','Torres','109876543','Chileno'),(30,'Sandra','Martínez','567890123','Peruano'),(31,'Pedro','Ramírez','123456789','Ecuatoriano'),(32,'Beatriz','García','890123456','Costarricense'),(33,'Guillermo','Sánchez','321098765','Guatemalteco'),(34,'Nuria','López','765432109','Dominicano'),(35,'David','Díaz','210987654','Venezolano'),(36,'Laura','Ramírez','654321098','Panameño'),(37,'Raúl','Torres','876543210','Boliviano'),(38,'Isabel','López','109876543','Paraguayo'),(39,'Manuel','Martínez','567890123','Uruguayo'),(40,'Silvia','Sánchez','987654321','Salvadoreño'),(41,'Jorge','Díaz','123456789','Cubano'),(42,'Elena','Torres','234567890','Hondureño'),(43,'Ángel','Ramírez','890123456','Nicaragüense'),(44,'Andrea','López','876543210','Puertorriqueño'),(45,'Mario','Sánchez','109876543','Brasileño'),(46,'Susana','Díaz','543210987','Portugués'),(47,'Fernando','Martínez','321098765','Italiano'),(48,'Patricia','Torres','567890123','Francés'),(49,'Luis','López','210987654','Español'),(50,'Ana','Ramírez','654321098','Mexicano'),(51,'Juan','Sánchez','876543210','Español'),(52,'Marta','Martínez','109876543','Mexicano'),(53,'Carlos','Ramírez','987654321','Argentino'),(54,'María','Díaz','890123456','Colombiano'),(55,'Javier','López','321098765','Chileno'),(56,'Laura','González','567890123','Brasileño'),(57,'José','Pérez','876543210','Peruano'),(58,'Claudia','Torres','109876543','Venezolano'),(59,'Miguel','Ramírez','654321098','Ecuatoriano'),(60,'Paula','Martínez','210987654','Costarricense'),(61,'Francisco','Díaz','987654321','Salvadoreño'),(62,'Carolina','Sánchez','890123456','Panameño'),(63,'Raúl','Ruiz','543210987','Guatemalteco'),(64,'Isabel','Torres','109876543','Paraguayo'),(65,'Andrés','Díaz','321098765','Boliviano'),(66,'Laura','Martínez','876543210','Uruguayo'),(67,'Antonio','Ramírez','567890123','Cubano'),(68,'Ana','López','654321098','Dominicano'),(69,'Rafael','Sánchez','210987654','Puertorriqueño'),(70,'Elena','Torres','123456789','Hondureño'),(71,'Javier','Ramírez','987654321','Nicaragüense'),(72,'Nuria','Díaz','456789012','Guineano'),(73,'Alberto','Sánchez','789012345','Sudafricano'),(74,'Carmen','Martínez','345678901','Australiano'),(75,'Daniel','González','890123456','Neozelandés'),(76,'Paula','Ramírez','234567890','Indonesio'),(77,'Juan','López','987654321','Japonés'),(78,'Silvia','Torres','876543210','Chino'),(79,'David','Sánchez','109876543','Indio'),(80,'Beatriz','Pérez','567890123','Canadiense'),(81,'Sergio','Martínez','123456789','Estadounidense'),(82,'Isabel','Díaz','543210987','Ruso'),(83,'Miguel','Ramírez','890123456','Alemán'),(84,'Claudia','Sánchez','321098765','Francés'),(85,'Francisco','López','876543210','Italiano'),(86,'Nuria','Torres','210987654','Español'),(87,'Andrés','Ruiz','109876543','Portugués'),(88,'Laura','Martínez','567890123','Inglés'),(89,'Antonio','Díaz','654321098','Irlandés'),(90,'Patricia','Ramírez','987654321','Escocés'),(91,'Carlos','Sánchez','123456789','Galés'),(92,'Maria','Torres','876543210','Holandés'),(93,'Juan','López','234567890','Belga'),(94,'Ana','Rodríguez','567890123','Suizo'),(95,'Javier','Pérez','890123456','Sueco'),(96,'Laura','Martínez','109876543','Noruego'),(97,'Luis','Ramírez','654321098','Danés'),(98,'Sofía','Díaz','321098765','Finlandés'),(99,'Diego','Sánchez','987654321','Islandés'),(100,'Valeria','Flores','567890123','Español'),(101,'Juan Pablo','Castillo','210987654','Mexicano'),(102,'Daniela','Ruiz','876543210','Argentino'),(103,'Sebastián','Herrera','654321098','Colombiano'),(104,'Camila','Morales','123456789','Chileno'),(105,'Andrés','Ortiz','987654321','Brasileño'),(106,'Victoria','Mendoza','345678901','Peruano'),(107,'Martín','Guzmán','890123456','Venezolano'),(108,'Isabella','Castro','109876543','Ecuatoriano'),(109,'Francisco','Vásquez','567890123','Costarricense'),(110,'Antonella','Romero','123456789','Salvadoreño'),(111,'Facundo','Soto','890123456','Panameño'),(112,'Renata','Méndez','321098765','Guatemalteco'),(113,'Matías','Flores','765432109','Paraguayo'),(114,'Gabriela','Guerrero','210987654','Boliviano'),(115,'Leonardo','Núñez','654321098','Uruguayo'),(116,'Catalina','Carrillo','876543210','Cubano'),(117,'Ignacio','Medina','109876543','Dominicano'),(118,'Lucía','Cordero','987654321','Puertorriqueño'),(119,'Esteban','Cortés','567890123','Hondureño'),(120,'Julieta','León','123456789','Nicaragüense'),(121,'Nicolás','Álvarez','234567890','Guineano'),(122,'Agustina','Céspedes','890123456','Sudafricano'),(123,'Gonzalo','Cisneros','876543210','Australiano'),(124,'Romina','Bravo','109876543','Neozelandés'),(125,'Federico','Valdez','543210987','Indonesio'),(126,'Florencia','Fuentes','321098765','Japonés'),(127,'Alejandro','Ríos','567890123','Chino'),(128,'Clara','Acosta','210987654','Indio'),(129,'Tomás','Silva','654321098','Canadiense'),(130,'Valentina','Rojas','876543210','Estadounidense'),(131,'Javier','Navarro','109876543','Ruso'),(132,'Renzo','Campos','987654321','Alemán'),(133,'Natalia','Castro','890123456','Francés'),(134,'Maxi','Aguilar','321098765','Italiano'),(135,'Martina','Paredes','567890123','Español'),(136,'Leandro','Araya','876543210','Portugués'),(137,'María José','Rojas','109876543','Inglés'),(138,'Julián','Morales','654321098','Irlandés'),(139,'Sol','Leiva','210987654','Escocés'),(140,'Mauro','Rivera','987654321','Galés'),(141,'Delfina','Pizarro','890123456','Holandés'),(142,'Emilio','Contreras','543210987','Belga'),(143,'Luana','Delgado','109876543','Suizo'),(144,'Alexis','Serrano','321098765','Sueco'),(145,'Belén','Vega','876543210','Noruego'),(146,'Guillermo','Jara','567890123','Danés'),(147,'Rosario','Orellana','654321098','Finlandés'),(148,'Franco','Tapia','210987654','Islandés'),(149,'Jimena','Cáceres','123456789','Español'),(150,'Bruno','Espinoza','987654321','Mexicano'),(151,'Marina','Peralta','456789012','Argentino'),(152,'Rodrigo','Salazar','789012345','Colombiano'),(153,'Celeste','Barraza','345678901','Chileno'),(154,'Carlos','Godoy','890123456','Brasileño'),(155,'Viviana','Valenzuela','234567890','Peruano'),(156,'Facundo','Sepúlveda','987654321','Venezolano'),(157,'Constanza','Pinto','876543210','Ecuatoriano'),(158,'Esteban','Villegas','109876543','Costarricense'),(159,'Paula','González','567890123','Salvadoreño'),(160,'Leonel','Muñoz','123456789','Panameño'),(161,'Daniela','Ramírez','543210987','Guatemalteco'),(162,'Emiliano','López','890123456','Paraguayo'),(163,'Lourdes','Valdés','321098765','Boliviano'),(164,'Juan José','Alvarado','876543210','Uruguayo'),(165,'Antonia','Montes','210987654','Cubano'),(166,'Mateo','Sepúlveda','109876543','Dominicano'),(167,'Isidora','Palma','567890123','Puertorriqueño'),(168,'Lautaro','Carrasco','654321098','Hondureño'),(169,'Mariana','Cáceres','987654321','Nicaragüense'),(170,'Facundo','Rojas','123456789','Guineano'),(171,'Carla','Araya','876543210','Sudafricano'),(172,'Eduardo','Moya','234567890','Australiano'),(173,'Javiera','Cordero','567890123','Neozelandés'),(174,'Hernán','Sáenz','890123456','Indonesio'),(175,'Fernanda','Farías','109876543','Japonés'),(176,'Oscar','Sánchez','654321098','Chino'),(177,'Gabriela','Castro','321098765','Indio'),(178,'René','Méndez','987654321','Canadiense'),(179,'Valeria','Salinas','123456789','Estadounidense'),(180,'Agustín','Díaz','456789012','Ruso'),(181,'Julieta','Villegas','789012345','Alemán'),(182,'Tomás','Soto','345678901','Francés'),(183,'Trinidad','Paredes','890123456','Italiano'),(184,'Federico','Miranda','234567890','Español'),(185,'Nicole','Palacios','987654321','Portugués'),(186,'Raúl','Tapia','876543210','Inglés'),(187,'Camila','Jiménez','109876543','Irlandés'),(188,'Germán','Carvajal','567890123','Escocés'),(189,'Belén','Aguilera','123456789','Galés'),(190,'Enrique','Lara','543210987','Holandés'),(191,'Martina','Henríquez','890123456','Belga'),(192,'Pablo','Álvarez','321098765','Suizo'),(193,'Sofía','Morales','876543210','Sueco'),(194,'Juan Manuel','Rojas','210987654','Noruego'),(195,'Valentina','Ríos','109876543','Danés'),(196,'Nicolás','Salazar','567890123','Finlandés'),(197,'Fabio','Martínez','654321098','Islandés'),(198,'Isabella','Segura','987654321','Danés'),(199,'René','Castillo','123456789','Finlandés'),(200,'Camilo','Rivas','483547854','Islandés');
/*!40000 ALTER TABLE `arbitro` ENABLE KEYS */;
UNLOCK TABLES;

--
-- Table structure for table `equipo`
--

DROP TABLE IF EXISTS `equipo`;
/*!40101 SET @saved_cs_client     = @@character_set_client */;
/*!50503 SET character_set_client = utf8mb4 */;
CREATE TABLE `equipo` (
  `nombre_equipo` varchar(25) NOT NULL,
  `entrenador` varchar(45) DEFAULT NULL,
  `año_fundacion` varchar(10) DEFAULT NULL,
  PRIMARY KEY (`nombre_equipo`)
) ENGINE=InnoDB DEFAULT CHARSET=utf8 COLLATE=utf8_general_ci;
/*!40101 SET character_set_client = @saved_cs_client */;

--
-- Dumping data for table `equipo`
--

LOCK TABLES `equipo` WRITE;
/*!40000 ALTER TABLE `equipo` DISABLE KEYS */;
INSERT INTO `equipo` VALUES ('Athletic Club','Marcelino García','1898'),('Atlético de Madrid','Diego Simeone','1903'),('CA Osasuna','Jagoba Arrasate','1920'),('Celta de Vigo','Eduardo Coudet','1923'),('Deportivo Alavés','Javi Calleja','1921'),('FC Barcelona','Ronald Koeman','1899'),('Getafe CF','José Bordalás','1983'),('Girona','Michel Fernandez','1930'),('Granada CF','Robert Moreno','1931'),('Levante UD','Paco López','1909'),('Rayo Vallecano','Andoni Iraola','1924'),('RCD Espanyol','Vicente Moreno','1900'),('RCD Mallorca','Luis García Plaza','1916'),('Real Betis','Manuel Pellegrini','1907'),('Real Madrid','Carlo Ancelotti','1902'),('Real Sociedad','Imanol Alguacil','1909'),('SD Eibar','José Luis Mendilibar','1940'),('Sevilla FC','Julen Lopetegui','1890'),('Valencia CF','José Bordalás','1919'),('Villarreal CF','Unai Emery','1923');
/*!40000 ALTER TABLE `equipo` ENABLE KEYS */;
UNLOCK TABLES;

--
-- Table structure for table `estadio`
--

DROP TABLE IF EXISTS `estadio`;
/*!40101 SET @saved_cs_client     = @@character_set_client */;
/*!50503 SET character_set_client = utf8mb4 */;
CREATE TABLE `estadio` (
  `nombre_estadio` varchar(20) NOT NULL,
  `ciudad` varchar(20) DEFAULT NULL,
  `telefono` varchar(10) DEFAULT NULL,
  PRIMARY KEY (`nombre_estadio`)
) ENGINE=InnoDB DEFAULT CHARSET=utf8 COLLATE=utf8_general_ci;
/*!40101 SET character_set_client = @saved_cs_client */;

--
-- Dumping data for table `estadio`
--

LOCK TABLES `estadio` WRITE;
/*!40000 ALTER TABLE `estadio` DISABLE KEYS */;
INSERT INTO `estadio` VALUES ('Benito Villamarín','Sevilla','876543210'),('Camp Nou','Barcelona','234567890'),('Cerámica','Villarreal','567890123'),('Ciutat de València','Valencia','109876543'),('Coliseum','Getafe','567890123'),('El Sadar','Pamplona','765432109'),('Estadio de Balaídos','Vigo','345678901'),('Estadio de Ipurua','Eibar','456789012'),('Estadio de Vallecas','Madrid','210987654'),('La Rosaleda','Malaga','123456789'),('Los Cármenes','Granada','654321098'),('Mendizorroza','Vitoria','789012345'),('Mestalla','Valencia','987654321'),('Montilivi','Girona','901234567'),('Pizjuán','Sevilla','109876543'),('RCDE Stadium','Barcelona','890123456'),('Reale Arena','San Sebastián','876543210'),('San Mamés','Bilbao','123456789'),('Santiago Bernabéu','Madrid','543210987'),('Son Moix','Palma de Mallorca','321098765'),('Wanda Metropolitano','Madrid','987654321');
/*!40000 ALTER TABLE `estadio` ENABLE KEYS */;
UNLOCK TABLES;
/*!50003 SET @saved_cs_client      = @@character_set_client */ ;
/*!50003 SET @saved_cs_results     = @@character_set_results */ ;
/*!50003 SET @saved_col_connection = @@collation_connection */ ;
/*!50003 SET character_set_client  = utf8mb4 */ ;
/*!50003 SET character_set_results = utf8mb4 */ ;
/*!50003 SET collation_connection  = utf8mb4_general_ci */ ;
/*!50003 SET @saved_sql_mode       = @@sql_mode */ ;
/*!50003 SET sql_mode              = 'STRICT_TRANS_TABLES,NO_ZERO_IN_DATE,NO_ZERO_DATE,NO_ENGINE_SUBSTITUTION' */ ;
DELIMITER ;;
/*!50003 CREATE*/ /*!50017 DEFINER=`root`@`localhost`*/ /*!50003 trigger before_estadio_insert

before insert on estadio

for each row

begin

    insert into insertados (nombre_estadio, ciudad, telefono) values (new.nombre_estadio, new.ciudad, new.telefono);

end */;;
DELIMITER ;
/*!50003 SET sql_mode              = @saved_sql_mode */ ;
/*!50003 SET character_set_client  = @saved_cs_client */ ;
/*!50003 SET character_set_results = @saved_cs_results */ ;
/*!50003 SET collation_connection  = @saved_col_connection */ ;

--
-- Table structure for table `fichajes`
--

DROP TABLE IF EXISTS `fichajes`;
/*!40101 SET @saved_cs_client     = @@character_set_client */;
/*!50503 SET character_set_client = utf8mb4 */;
CREATE TABLE `fichajes` (
  `EQUIPO_nombre_equipo` varchar(25) NOT NULL,
  `JUGADOR_dni` varchar(10) NOT NULL,
  `fecha_inicio` varchar(15) DEFAULT NULL,
  `fecha_fin` varchar(15) NOT NULL,
  `tarifa_transferencia` int(10) unsigned DEFAULT NULL,
  `contrato` varchar(20) DEFAULT NULL,
  `clausula` varchar(20) DEFAULT NULL,
  PRIMARY KEY (`EQUIPO_nombre_equipo`,`JUGADOR_dni`),
  KEY `fk_EQUIPO_has_JUGADOR_JUGADOR1` (`JUGADOR_dni`),
  CONSTRAINT `fk_EQUIPO_has_JUGADOR_EQUIPO1` FOREIGN KEY (`EQUIPO_nombre_equipo`) REFERENCES `equipo` (`nombre_equipo`) ON DELETE NO ACTION ON UPDATE NO ACTION,
  CONSTRAINT `fk_EQUIPO_has_JUGADOR_JUGADOR1` FOREIGN KEY (`JUGADOR_dni`) REFERENCES `jugador` (`dni`) ON DELETE NO ACTION ON UPDATE NO ACTION
) ENGINE=InnoDB DEFAULT CHARSET=utf8 COLLATE=utf8_general_ci;
/*!40101 SET character_set_client = @saved_cs_client */;

--
-- Dumping data for table `fichajes`
--

LOCK TABLES `fichajes` WRITE;
/*!40000 ALTER TABLE `fichajes` DISABLE KEYS */;
INSERT INTO `fichajes` VALUES ('Athletic Club','12345678A','2022','2026',76500000,'5','96500000'),('Athletic Club','12345679J','2033','2036',34500000,'6','54500000'),('Athletic Club','23456780K','2034','2037',87600000,'5','107600000'),('Athletic Club','23456789B','2023','2026',23400000,'6','43400000'),('Athletic Club','34567890C','2024','2027',98700000,'4','118700000'),('Athletic Club','34567891L','2035','2038',23400000,'4','43400000'),('Athletic Club','45678901D','2025','2028',87600000,'6','107600000'),('Athletic Club','45678902M','2037','2039',98700000,'6','118700000'),('Athletic Club','56789012E','2027','2029',34500000,'5','54500000'),('Athletic Club','56789013N','2038','2041',87600000,'5','107600000'),('Athletic Club','67890123F','2028','2031',87600000,'4','107600000'),('Athletic Club','67890124O','2039','2042',34500000,'4','54500000'),('Athletic Club','78901234G','2029','2032',23400000,'6','43400000'),('Athletic Club','89012345H','2030','2033',98700000,'5','118700000'),('Athletic Club','90123456I','2032','2034',87600000,'4','107600000'),('Atlético de Madrid','12345680S','2044','2047',87600000,'6','107600000'),('Atlético de Madrid','12345681B','2056','2058',98700000,'6','118700000'),('Atlético de Madrid','23456791T','2046','2048',34500000,'5','54500000'),('Atlético de Madrid','23456792C','2057','2060',87600000,'5','107600000'),('Atlético de Madrid','34567802U','2047','2050',87600000,'4','107600000'),('Atlético de Madrid','34567803D','2058','2061',34500000,'4','54500000'),('Atlético de Madrid','45678913V','2048','2051',23400000,'6','43400000'),('Atlético de Madrid','56789024W','2049','2052',98700000,'5','118700000'),('Atlético de Madrid','67890135X','2051','2053',87600000,'4','107600000'),('Atlético de Madrid','78901235P','2040','2043',87600000,'6','107600000'),('Atlético de Madrid','78901246Y','2052','2055',34500000,'6','54500000'),('Atlético de Madrid','89012346Q','2042','2044',23400000,'5','43400000'),('Atlético de Madrid','89012357Z','2053','2056',87600000,'5','107600000'),('Atlético de Madrid','90123457R','2043','2046',98700000,'4','118700000'),('Atlético de Madrid','90123468A','2054','2057',23400000,'4','43400000'),('CA Osasuna','09876542J','2201','2205',67228001,'4','87217032'),('CA Osasuna','21098763I','2200','2204',67222517,'5','87211548'),('CA Osasuna','21098765B','2145','2149',87620000,'6','22340000'),('CA Osasuna','32109874H','2199','2203',67217032,'6','87206063'),('CA Osasuna','32109876C','2144','2148',98780000,'4','118650000'),('CA Osasuna','43210985G','2198','2202',67211548,'4','87200579'),('CA Osasuna','43210987D','2143','2147',23490000,'5','22380000'),('CA Osasuna','43843823A','2190','2194',70900000,'5','118470000'),('CA Osasuna','54321096F','2197','2201',67206063,'5','87195095'),('CA Osasuna','54656849B','2192','2196',70100000,'4','107620000'),('CA Osasuna','65432107E','2196','2200',67200579,'6','87189610'),('CA Osasuna','76543218D','2195','2199',67195095,'4','87184126'),('CA Osasuna','87654329C','2194','2198',67189610,'5','90100000'),('CA Osasuna','98765430B','2193','2197',67184126,'6','90900000'),('CA Osasuna','98765431K','2202','2206',67233485,'6','87222517'),('Celta de Vigo','12345685L','2101','2104',87600000,'6','107600000'),('Celta de Vigo','12345686U','2113','2116',98700000,'6','118700000'),('Celta de Vigo','23456796M','2102','2106',34500000,'5','54500000'),('Celta de Vigo','23456797V','2114','2117',87600000,'5','107600000'),('Celta de Vigo','34567807N','2104','2107',87600000,'4','107600000'),('Celta de Vigo','34567808W','2115','2119',34500000,'4','54500000'),('Celta de Vigo','45678918O','2105','2108',23400000,'6','43400000'),('Celta de Vigo','56789029P','2106','2110',98700000,'5','118700000'),('Celta de Vigo','67890130Q','2108','2111',87600000,'4','107600000'),('Celta de Vigo','78901240I','2097','2100',87600000,'6','107600000'),('Celta de Vigo','78901241R','2109','2112',34500000,'6','54500000'),('Celta de Vigo','89012351J','2099','2102',23400000,'5','43400000'),('Celta de Vigo','89012352S','2110','2114',87600000,'5','107600000'),('Celta de Vigo','90123462K','2100','2103',98700000,'4','118700000'),('Celta de Vigo','90123463T','2111','2115',23400000,'4','43400000'),('Deportivo Alavés','12345687D','2124','2128',23400000,'6','43400000'),('Deportivo Alavés','23456798E','2125','2129',98700000,'5','118700000'),('Deportivo Alavés','34567809F','2127','2130',87600000,'4','107600000'),('Deportivo Alavés','45678919X','2116','2120',87600000,'6','107600000'),('Deportivo Alavés','45678920G','2128','2131',34500000,'6','54500000'),('Deportivo Alavés','56789020Y','2118','2121',23400000,'5','43400000'),('Deportivo Alavés','56789031H','2129','2133',87600000,'5','107600000'),('Deportivo Alavés','67890131Z','2119','2122',98700000,'4','118700000'),('Deportivo Alavés','67890142I','2130','2134',23400000,'4','43400000'),('Deportivo Alavés','78901242A','2120','2124',87600000,'6','107600000'),('Deportivo Alavés','78901253J','2132','2135',98700000,'6','118700000'),('Deportivo Alavés','89012353B','2121','2125',34500000,'5','54500000'),('Deportivo Alavés','89012364K','2133','2136',87600000,'5','107600000'),('Deportivo Alavés','90123464C','2123','2126',87600000,'4','107600000'),('Deportivo Alavés','90123475L','2134','2138',34500000,'4','54500000'),('FC Barcelona','12345682K','2067','2070',23400000,'6','43400000'),('FC Barcelona','23456793L','2068','2071',98700000,'5','118700000'),('FC Barcelona','34567804M','2070','2073',87600000,'4','107600000'),('FC Barcelona','45678914E','2059','2062',87600000,'6','107600000'),('FC Barcelona','45678915N','2071','2074',34500000,'6','54500000'),('FC Barcelona','56789025F','2061','2064',23400000,'5','43400000'),('FC Barcelona','56789026O','2072','2075',87600000,'5','107600000'),('FC Barcelona','67890136G','2062','2065',98700000,'4','118700000'),('FC Barcelona','67890137P','2073','2076',23400000,'4','43400000'),('FC Barcelona','78901247H','2063','2066',87600000,'6','107600000'),('FC Barcelona','78901248Q','2075','2078',98700000,'6','118700000'),('FC Barcelona','89012358I','2065','2068',34500000,'5','54500000'),('FC Barcelona','89012359R','2076','2079',87600000,'5','107600000'),('FC Barcelona','90123460S','2077','2080',34500000,'4','54500000'),('FC Barcelona','90123469J','2066','2069',87600000,'4','107600000'),('Getafe CF','09876541U','2056','2060',98740000,'4','118740000'),('Getafe CF','21098762M','2066','2070',87640000,'5','118790000'),('Getafe CF','21098763V','2054','2058',23420000,'5','22340000'),('Getafe CF','32109873N','2065','2069',34560000,'6','22400000'),('Getafe CF','32109874W','2053','2057',87660000,'6','118740000'),('Getafe CF','43210984O','2063','2068',87620000,'4','117710000'),('Getafe CF','43210985X','2052','2056',34580000,'4','22410000'),('Getafe CF','54321095P','2062','2066',98770000,'5','118820000'),('Getafe CF','54321096Y','2051','2055',87690000,'5','117620000'),('Getafe CF','65432106Q','2061','2065',23440000,'6','22390000'),('Getafe CF','65432107Z','2049','2053',98720000,'6','118780000'),('Getafe CF','76543217R','2059','2064',87630000,'4','117670000'),('Getafe CF','76543218A','2048','2052',23410000,'4','22341000'),('Getafe CF','87654328S','2058','2062',34590000,'5','22380000'),('Getafe CF','98765439T','2057','2061',87650000,'6','117650000'),('Girona','09876539C','2078','2083',87610000,'4','117750000'),('Girona','09876540L','2067','2071',23470000,'4','22370000'),('Girona','21098761D','2077','2082',34520000,'5','118490000'),('Girona','32109872E','2076','2080',87640000,'6','22367000'),('Girona','43210983F','2075','2079',98750000,'4','118880000'),('Girona','54321093X','2085','2089',87690000,'5','118390000'),('Girona','54321094G','2073','2078',23480000,'5','22340000'),('Girona','65432104Y','2084','2088',34510000,'6','117940000'),('Girona','65432105H','2072','2076',87670000,'6','117860000'),('Girona','76543215Z','2082','2086',87650000,'4','22320000'),('Girona','76543216I','2071','2075',34530000,'4','22350000'),('Girona','87654326A','2081','2085',98780000,'5','118990000'),('Girona','87654327J','2070','2074',87610000,'5','117850000'),('Girona','98765437B','2080','2084',23430000,'6','22430000'),('Girona','98765438K','2068','2073',98790000,'6','117880000'),('Granada CF','09876537K','2101','2106',87640000,'4','22350000'),('Granada CF','09876538T','2090','2094',34540000,'4','118870000'),('Granada CF','21098759L','2100','2104',98760000,'5','118480000'),('Granada CF','21098760U','2089','2093',87620000,'5','22390000'),('Granada CF','32109870M','2099','2103',23420000,'6','22370000'),('Granada CF','32109871V','2087','2092',98730000,'6','118490000'),('Granada CF','43210981N','2097','2102',87650000,'4','118710000'),('Granada CF','43210982W','2086','2090',23460000,'4','22381000'),('Granada CF','54321092O','2096','2100',34570000,'5','22409000'),('Granada CF','65432103P','2095','2099',87630000,'6','118000000'),('Granada CF','76543214Q','2094','2098',98740000,'4','22450000'),('Granada CF','87654324I','2104','2108',87610000,'5','22340000'),('Granada CF','87654325R','2092','2097',23410000,'5','117840000'),('Granada CF','98765435J','2102','2107',34580000,'6','118880000'),('Granada CF','98765436S','2091','2095',87680000,'6','22370000'),('Levante UD','09876536B','2113','2117',98770000,'4','118780000'),('Levante UD','21098757T','2123','2128',87640000,'5','118840000'),('Levante UD','21098758C','2111','2116',23430000,'5','22371000'),('Levante UD','32109868U','2121','2126',34510000,'6','22373000'),('Levante UD','32109869D','2110','2115',87680000,'6','118930000'),('Levante UD','43210979V','2120','2125',87650000,'4','118940000'),('Levante UD','43210980E','2109','2114',34590000,'4','22340000'),('Levante UD','54321090W','2119','2124',98710000,'5','22417000'),('Levante UD','54321091F','2108','2112',87620000,'5','118670000'),('Levante UD','65432101X','2118','2122',23440000,'6','118900000'),('Levante UD','65432102G','2106','2111',98750000,'6','22380000'),('Levante UD','76543212Y','2116','2121',87630000,'4','22458000'),('Levante UD','76543213H','2105','2110',23490000,'4','118490000'),('Levante UD','87654323Z','2115','2120',34540000,'5','118710000'),('Levante UD','98765434A','2114','2119',87660000,'6','22369000'),('Rayo Vallecano','09876543S','2210','2214',67277360,'4','87266391'),('Rayo Vallecano','21098764R','2209','2213',67271876,'5','87260907'),('Rayo Vallecano','32109875Q','2208','2212',67266391,'6','87255423'),('Rayo Vallecano','32109876Z','2192','2196',67315750,'6','87304782'),('Rayo Vallecano','43210986P','2207','2211',67260907,'4','87249938'),('Rayo Vallecano','43210987Y','2190','2194',67310266,'4','87299297'),('Rayo Vallecano','54321097O','2206','2210',67255423,'5','87244454'),('Rayo Vallecano','54321098X','2215','2219',67304782,'5','87293813'),('Rayo Vallecano','65432108N','2205','2209',67249938,'6','87238970'),('Rayo Vallecano','65432109W','2214','2218',67299297,'6','87288329'),('Rayo Vallecano','76543210V','2213','2217',67293813,'4','87282844'),('Rayo Vallecano','76543219M','2204','2208',67244454,'4','87233485'),('Rayo Vallecano','87654320L','2203','2207',67238970,'5','87228001'),('Rayo Vallecano','87654321U','2212','2216',67288329,'5','87277360'),('Rayo Vallecano','98765432T','2211','2215',67282844,'6','87271876'),('RCD Espanyol','09876542D','2044','2048',87640000,'4','117640000'),('RCD Espanyol','09876543M','2033','2037',34560000,'4','22360000'),('RCD Espanyol','21098764E','2043','2047',98730000,'5','118730000'),('RCD Espanyol','21098765N','2032','2036',87650000,'5','117650000'),('RCD Espanyol','32109875F','2042','2046',23420000,'6','22320000'),('RCD Espanyol','32109876O','2030','2034',98780000,'6','117780000'),('RCD Espanyol','43210986G','2040','2044',87690000,'4','117690000'),('RCD Espanyol','43210987P','2029','2033',23470000,'4','43370000'),('RCD Espanyol','54321097H','2039','2043',34570000,'5','22370000'),('RCD Espanyol','65432108I','2038','2042',87680000,'6','117680000'),('RCD Espanyol','76543219J','2037','2041',98710000,'4','118710000'),('RCD Espanyol','87654320K','2035','2039',23490000,'5','43390000'),('RCD Espanyol','87654329B','2047','2051',87630000,'5','117630000'),('RCD Espanyol','98765430C','2046','2050',34550000,'6','22350000'),('RCD Espanyol','98765431L','2034','2038',87670000,'6','117670000'),('RCD Mallorca','09876534J','2135','2140',87670000,'6','22370000'),('RCD Mallorca','09876535S','2124','2129',23480000,'4','22300000'),('RCD Mallorca','21098756K','2134','2139',34530000,'5','118490000'),('RCD Mallorca','32109867L','2133','2138',87650000,'6','22343000'),('RCD Mallorca','43210978M','2132','2136',98720000,'4','118880000'),('RCD Mallorca','54321089N','2130','2135',23470000,'5','22364000'),('RCD Mallorca','54321098E','2142','2146',87610000,'6','118950000'),('RCD Mallorca','65432100O','2129','2134',87690000,'6','118770000'),('RCD Mallorca','65432109F','2140','2144',34580000,'4','22390000'),('RCD Mallorca','76543210G','2139','2143',87630000,'5','118680000'),('RCD Mallorca','76543211P','2128','2133',34560000,'4','22390000'),('RCD Mallorca','87654321H','2138','2142',98740000,'6','22360000'),('RCD Mallorca','87654322Q','2127','2131',87610000,'5','118630000'),('RCD Mallorca','98765432I','2137','2141',23420000,'4','118980000'),('RCD Mallorca','98765433R','2125','2130',98790000,'6','118990000'),('Real Betis','12345683T','2078','2082',87600000,'6','107600000'),('Real Betis','12345684C','2090','2093',34500000,'6','54500000'),('Real Betis','23456794U','2080','2083',23400000,'5','43400000'),('Real Betis','23456795D','2091','2094',87600000,'5','107600000'),('Real Betis','34567805V','2081','2084',98700000,'4','118700000'),('Real Betis','34567806E','2092','2095',23400000,'4','43400000'),('Real Betis','45678916W','2082','2085',87600000,'6','107600000'),('Real Betis','45678917F','2094','2097',98700000,'6','118700000'),('Real Betis','56789027X','2084','2086',34500000,'5','54500000'),('Real Betis','56789028G','2095','2098',87600000,'5','107600000'),('Real Betis','67890138Y','2085','2088',87600000,'4','107600000'),('Real Betis','67890139H','2096','2099',34500000,'4','54500000'),('Real Betis','78901249Z','2086','2089',23400000,'6','43400000'),('Real Betis','89012350A','2087','2090',98700000,'5','118700000'),('Real Betis','90123461B','2089','2092',87600000,'4','107600000'),('Real Madrid','09876544B','2194','2198',67326719,'4','87315750'),('Real Madrid','09876545K','2203','2207',67376078,'4','87365109'),('Real Madrid','21098765A','2193','2197',67321235,'5','87310266'),('Real Madrid','21098766J','2202','2206',67370594,'5','87359625'),('Real Madrid','32109877I','2201','2205',67365109,'6','87354141'),('Real Madrid','43210988H','2200','2204',67359625,'4','87348656'),('Real Madrid','54321099G','2199','2203',67354141,'5','87343172'),('Real Madrid','65432100F','2198','2202',67348656,'6','87337688'),('Real Madrid','65432101O','2207','2211',67398015,'6','87387047'),('Real Madrid','76543211E','2197','2201',67343172,'4','87332203'),('Real Madrid','76543212N','2206','2210',67392531,'4','87381562'),('Real Madrid','87654322D','2196','2200',67337688,'5','87326719'),('Real Madrid','87654323M','2205','2209',67387047,'5','87376078'),('Real Madrid','98765433C','2195','2199',67332203,'6','87321235'),('Real Madrid','98765434L','2204','2208',67381562,'6','87370594'),('Real Sociedad','09876546T','2212','2216',67425437,'4','87414468'),('Real Sociedad','09876547C','2196','2200',67474796,'4','87463827'),('Real Sociedad','21098767S','2211','2215',67419953,'5','87408984'),('Real Sociedad','21098768B','2195','2199',67469312,'5','87458343'),('Real Sociedad','32109878R','2210','2214',67414468,'6','87403500'),('Real Sociedad','32109879A','2194','2198',67463827,'6','87452859'),('Real Sociedad','43210980Z','2193','2197',67458343,'4','87447374'),('Real Sociedad','43210989Q','2209','2213',67408984,'4','87398015'),('Real Sociedad','54321090P','2208','2212',67403500,'5','87392531'),('Real Sociedad','54321091Y','2192','2196',67452859,'5','87441890'),('Real Sociedad','65432102X','2190','2194',67447374,'6','87436406'),('Real Sociedad','76543213W','2215','2219',67441890,'4','87430921'),('Real Sociedad','87654324V','2214','2218',67436406,'5','87425437'),('Real Sociedad','98765435U','2213','2217',67430921,'6','87419953'),('Real Sociedad','98765436D','2197','2201',67480280,'6','87469312'),('SD Eibar','10987654V','2022','2026',23450000,'4','43450000'),('SD Eibar','12345688M','2135','2139',87600000,'6','107600000'),('SD Eibar','23456799N','2137','2140',23400000,'5','43400000'),('SD Eibar','34567810O','2138','2141',98700000,'4','118700000'),('SD Eibar','45678921P','2139','2143',87600000,'6','107600000'),('SD Eibar','54321098Q','2028','2032',87640000,'5','117640000'),('SD Eibar','56789032Q','2140','2144',34500000,'5','54500000'),('SD Eibar','65432109R','2027','2031',34530000,'6','22350000'),('SD Eibar','67890143R','2142','2146',87600000,'6','107600000'),('SD Eibar','76543210S','2025','2029',87620000,'4','117620000'),('SD Eibar','78901254S','2143','2147',23400000,'4','43400000'),('SD Eibar','87654321T','2024','2028',98760000,'5','118760000'),('SD Eibar','89012365T','2144','2148',98700000,'6','118700000'),('SD Eibar','90123476U','2145','2149',87600000,'5','107600000'),('SD Eibar','98765432U','2023','2027',76510000,'6','96510000'),('Sevilla FC','09876538L','2205','2209',67524155,'4','87513187'),('Sevilla FC','21098759K','2204','2208',67518671,'5','87507702'),('Sevilla FC','32109870J','2203','2207',67513187,'6','87502218'),('Sevilla FC','32109871S','2212','2216',67562546,'6','87551577'),('Sevilla FC','43210981I','2202','2206',67507702,'4','87496733'),('Sevilla FC','43210982R','2211','2215',67557061,'4','87546093'),('Sevilla FC','54321092H','2201','2205',67502218,'5','87491249'),('Sevilla FC','54321093Q','2210','2214',67551577,'5','87540608'),('Sevilla FC','65432103G','2200','2204',67496733,'6','87485765'),('Sevilla FC','65432104P','2209','2213',67546093,'6','87535124'),('Sevilla FC','76543214F','2199','2203',67491249,'4','87480280'),('Sevilla FC','76543215O','2208','2212',67540608,'4','87529640'),('Sevilla FC','87654325E','2198','2202',67485765,'5','87474796'),('Sevilla FC','87654326N','2207','2211',67535124,'5','87524155'),('Sevilla FC','98765437M','2206','2210',67529640,'6','87518671'),('Valencia CF','09876539U','2214','2218',67573514,'4','87562546'),('Valencia CF','09876540D','2198','2202',67622873,'4','87611905'),('Valencia CF','21098760T','2213','2217',67568030,'5','87557061'),('Valencia CF','21098761C','2197','2201',67617389,'5','87606420'),('Valencia CF','32109872B','2196','2200',67611905,'6','87600936'),('Valencia CF','43210983A','2195','2199',67606420,'4','87595452'),('Valencia CF','54321094Z','2194','2198',67600936,'5','87589967'),('Valencia CF','65432105Y','2193','2197',67595452,'6','87584483'),('Valencia CF','65432106H','2202','2206',67644811,'4','87633842'),('Valencia CF','76543216X','2192','2196',67589967,'4','87578999'),('Valencia CF','76543217G','2201','2205',67639326,'6','87628358'),('Valencia CF','87654327W','2190','2194',67584483,'5','87573514'),('Valencia CF','87654328F','2200','2204',67633842,'5','87622873'),('Valencia CF','98765438V','2215','2219',67578999,'6','87568030'),('Valencia CF','98765439E','2199','2203',67628358,'6','87617389'),('Villarreal CF','09876541M','2207','2211',67672232,'5','87661264'),('Villarreal CF','09876542V','2207','2211',67721591,'5','87683201'),('Villarreal CF','21098762L','2206','2210',67666748,'6','87655779'),('Villarreal CF','21098763U','2215','2219',67716107,'6','87677717'),('Villarreal CF','32109873K','2205','2209',67661264,'4','87650295'),('Villarreal CF','32109874T','2214','2218',67710623,'4','87672232'),('Villarreal CF','43210984J','2204','2208',67655779,'5','87644811'),('Villarreal CF','43210985S','2213','2217',67705138,'5','87694170'),('Villarreal CF','54321095I','2203','2207',67650295,'6','87639326'),('Villarreal CF','54321096R','2212','2216',67699654,'6','87688685'),('Villarreal CF','65432107Q','2211','2215',67694170,'4','87683201'),('Villarreal CF','76543218P','2210','2214',67688685,'5','87677717'),('Villarreal CF','87654329O','2209','2213',67683201,'6','87672232'),('Villarreal CF','98765440N','2208','2212',67677717,'4','87666748'),('Villarreal CF','98765441W','2208','2212',67727076,'4','87688685');
/*!40000 ALTER TABLE `fichajes` ENABLE KEYS */;
UNLOCK TABLES;

--
-- Table structure for table `gol`
--

DROP TABLE IF EXISTS `gol`;
/*!40101 SET @saved_cs_client     = @@character_set_client */;
/*!50503 SET character_set_client = utf8mb4 */;
CREATE TABLE `gol` (
  `minuto` varchar(10) NOT NULL,
  `tipo` varchar(15) DEFAULT NULL,
  `jugador_marca` varchar(10) NOT NULL,
  `jugador_asiste` varchar(10) NOT NULL,
  `PARTIDO_id_partido` int(11) NOT NULL,
  KEY `fk_GOL_JUGADOR1` (`jugador_marca`),
  KEY `fk_GOL_JUGADOR2` (`jugador_asiste`),
  KEY `fk_GOL_PARTIDO1` (`PARTIDO_id_partido`),
  CONSTRAINT `fk_GOL_JUGADOR1` FOREIGN KEY (`jugador_marca`) REFERENCES `jugador` (`dni`) ON DELETE NO ACTION ON UPDATE NO ACTION,
  CONSTRAINT `fk_GOL_JUGADOR2` FOREIGN KEY (`jugador_asiste`) REFERENCES `jugador` (`dni`) ON DELETE NO ACTION ON UPDATE NO ACTION,
  CONSTRAINT `fk_GOL_PARTIDO1` FOREIGN KEY (`PARTIDO_id_partido`) REFERENCES `partido` (`id_partido`) ON DELETE NO ACTION ON UPDATE NO ACTION
) ENGINE=InnoDB DEFAULT CHARSET=utf8 COLLATE=utf8_general_ci;
/*!40101 SET character_set_client = @saved_cs_client */;

--
-- Dumping data for table `gol`
--

LOCK TABLES `gol` WRITE;
/*!40000 ALTER TABLE `gol` DISABLE KEYS */;
INSERT INTO `gol` VALUES ('55','volea','87654325E','76543214F',2),('67','cabeza','65432104Y','54321093X',3),('39','contraataque','87654320K','76543219J',4),('90','olimpico','43210978M','32109867L',4),('2','chilena','87654324V','65432102X',5),('34','tiro libre','76543213W','54321091Y',5),('54','penalti','56789029P','78901241R',6),('23','volea','67890130Q','89012352S',6),('54','cabeza','34567805V','45678916W',7),('78','contraataque','76543218P','65432107Q',7),('54','olimpico','65432107Q','76543218P',7),('43','chilena','32109873N','21098762M',8),('32','tiro libre','12345682K','90123469J',8),('76','penalti','12345682K','90123469J',8),('87','tiro libre','67890135X','78901246Y',10);
/*!40000 ALTER TABLE `gol` ENABLE KEYS */;
UNLOCK TABLES;

--
-- Table structure for table `insertados`
--

DROP TABLE IF EXISTS `insertados`;
/*!40101 SET @saved_cs_client     = @@character_set_client */;
/*!50503 SET character_set_client = utf8mb4 */;
CREATE TABLE `insertados` (
  `nombre_estadio` varchar(20) NOT NULL,
  `ciudad` varchar(20) DEFAULT NULL,
  `telefono` varchar(10) DEFAULT NULL,
  PRIMARY KEY (`nombre_estadio`)
) ENGINE=InnoDB DEFAULT CHARSET=utf8mb4 COLLATE=utf8mb4_general_ci;
/*!40101 SET character_set_client = @saved_cs_client */;

--
-- Dumping data for table `insertados`
--

LOCK TABLES `insertados` WRITE;
/*!40000 ALTER TABLE `insertados` DISABLE KEYS */;
INSERT INTO `insertados` VALUES ('La Rosaleda','Malaga','123456789');
/*!40000 ALTER TABLE `insertados` ENABLE KEYS */;
UNLOCK TABLES;

--
-- Table structure for table `juegan`
--

DROP TABLE IF EXISTS `juegan`;
/*!40101 SET @saved_cs_client     = @@character_set_client */;
/*!50503 SET character_set_client = utf8mb4 */;
CREATE TABLE `juegan` (
  `EQUIPO_nombre_equipo` varchar(25) NOT NULL,
  `ESTADIO_nombre_estadio` varchar(20) NOT NULL,
  PRIMARY KEY (`EQUIPO_nombre_equipo`,`ESTADIO_nombre_estadio`),
  KEY `fk_EQUIPO_has_ESTADIO_ESTADIO1` (`ESTADIO_nombre_estadio`),
  CONSTRAINT `fk_EQUIPO_has_ESTADIO_EQUIPO1` FOREIGN KEY (`EQUIPO_nombre_equipo`) REFERENCES `equipo` (`nombre_equipo`) ON DELETE NO ACTION ON UPDATE NO ACTION,
  CONSTRAINT `fk_EQUIPO_has_ESTADIO_ESTADIO1` FOREIGN KEY (`ESTADIO_nombre_estadio`) REFERENCES `estadio` (`nombre_estadio`) ON DELETE NO ACTION ON UPDATE NO ACTION
) ENGINE=InnoDB DEFAULT CHARSET=utf8 COLLATE=utf8_general_ci;
/*!40101 SET character_set_client = @saved_cs_client */;

--
-- Dumping data for table `juegan`
--

LOCK TABLES `juegan` WRITE;
/*!40000 ALTER TABLE `juegan` DISABLE KEYS */;
INSERT INTO `juegan` VALUES ('Athletic Club','San Mamés'),('Atlético de Madrid','Wanda Metropolitano'),('CA Osasuna','El Sadar'),('Celta de Vigo','Estadio de Balaídos'),('Deportivo Alavés','Mendizorroza'),('FC Barcelona','Camp Nou'),('Getafe CF','Coliseum'),('Girona','Montilivi'),('Granada CF','Los Cármenes'),('Levante UD','Ciutat de València'),('Rayo Vallecano','Estadio de Vallecas'),('RCD Espanyol','RCDE Stadium'),('RCD Mallorca','Son Moix'),('Real Betis','Benito Villamarín'),('Real Madrid','Santiago Bernabéu'),('Real Sociedad','Reale Arena'),('SD Eibar','Estadio de Ipurua'),('Sevilla FC','Pizjuán'),('Valencia CF','Mestalla'),('Villarreal CF','Cerámica');
/*!40000 ALTER TABLE `juegan` ENABLE KEYS */;
UNLOCK TABLES;

--
-- Table structure for table `jugador`
--

DROP TABLE IF EXISTS `jugador`;
/*!40101 SET @saved_cs_client     = @@character_set_client */;
/*!50503 SET character_set_client = utf8mb4 */;
CREATE TABLE `jugador` (
  `dni` varchar(10) NOT NULL,
  `nombre` varchar(15) DEFAULT NULL,
  `apellidos` varchar(20) DEFAULT NULL,
  `fecha_nacimiento` date DEFAULT NULL,
  `telefono` varchar(10) DEFAULT NULL,
  PRIMARY KEY (`dni`)
) ENGINE=InnoDB DEFAULT CHARSET=utf8 COLLATE=utf8_general_ci;
/*!40101 SET character_set_client = @saved_cs_client */;

--
-- Dumping data for table `jugador`
--

LOCK TABLES `jugador` WRITE;
/*!40000 ALTER TABLE `jugador` DISABLE KEYS */;
INSERT INTO `jugador` VALUES ('09876534J','Claudio','Ossandón','1995-04-21','555432109'),('09876535S','Renato','Zúñiga','1982-12-31','555765432'),('09876536B','Rubén','Salinas','1996-12-09','555098765'),('09876537K','Humberto','Córdova','1984-08-18','555321098'),('09876538L','Bruno','Silva','1998-06-29','555560223'),('09876538T','Gustavo','Muñoz','1998-06-29','555654321'),('09876539C','Ricardo','Lagos','1986-03-07','555987654'),('09876539U','Esteban','Yáñez','1984-08-18','555563716'),('09876540D','Hugo','Bravo','1996-12-09','555567209'),('09876540L','Sergio','Calderón','1999-07-15','555210987'),('09876541M','Bruno','Varas','1982-12-31','555570702'),('09876541U','Felipe','Beltrán','1987-02-23','555543210'),('09876542D','Sebastián','Torres','2001-12-27','555876543'),('09876542J','Carlos','Méndez','1980-04-10','555539263'),('09876542V','Xavier','Céspedes','1995-04-21','555574195'),('09876543M','Ignacio','Paredes','1990-07-03','555109876'),('09876543S','Pablo','Sánchez','1990-07-03','555542757'),('09876544B','Javier','Avila','2001-12-27','555546250'),('09876545K','Jaime','Ulloa','1987-02-23','555549743'),('09876546T','Mauricio','Maturana','1999-07-15','555553236'),('09876547C','Patricio','Contreras','1986-03-07','555556729'),('10987654V','Ricardo','Rojas','1980-04-10','555890765'),('12345678A','Juan','Rodríguez','1980-03-15','555123456'),('12345679J','David','Flores','1989-10-08','555012345'),('12345680S','Jesús','Delgado','1998-12-30','555901109'),('12345681B','Javier','Blanco','1981-08-03','555890543'),('12345682K','Mario','Rosales','1990-06-06','555789654'),('12345683T','Israel','Gallegos','1999-04-01','555678209'),('12345684C','Salvador','Tapia','1982-01-20','555567208'),('12345685L','Rubén','Carrillo','1991-11-16','555456197'),('12345686U','Héctor','Contreras','2000-07-14','555345186'),('12345687D','Emiliano','Pizarro','1983-09-20','555234175'),('12345688M','Emil','Zúñiga','1992-06-15','555123165'),('21098756K','Benjamín','Cisterna','1993-12-09','555109876'),('21098757T','Oliver','Peña','1981-08-18','555432109'),('21098758C','Juan Manuel','Mardones','1995-07-28','555765432'),('21098759K','Ramiro','Burgos','1997-02-15','555559834'),('21098759L','Alexis','Aguirre','1983-04-06','555098765'),('21098760T','Gerardo','Barraza','1983-04-06','555563328'),('21098760U','Marcos','Gómez','1997-02-15','555321098'),('21098761C','Federico','Figueroa','1995-07-28','555566821'),('21098761D','Adrián','Jofré','1984-10-26','555654321'),('21098762L','Dante','Jeldres','1981-08-18','555570314'),('21098762M','Víctor','Cádiz','1998-03-02','555987654'),('21098763I','Andrés','Mardones','2000-12-29','555538875'),('21098763U','Valentín','Cifuentes','1993-12-09','555573807'),('21098763V','Roberto','Ríos','1985-10-11','555210987'),('21098764E','Héctor','Almeida','2000-07-15','555543210'),('21098764R','Luis','Arévalo','1989-03-21','555542368'),('21098765A','Diego','Zambrano','2000-07-15','555545862'),('21098765B','Walter','Catalán','2005-04-29','555876543'),('21098765N','Daniel','Guerra','1989-03-21','555876543'),('21098766J','Germán','Espinosa','1985-10-11','555549355'),('21098767S','Guillermo','Lira','1998-03-02','555552848'),('21098768B','Ernesto','Ahumada','1984-10-26','555556341'),('23456780K','Daniel','Torres','1990-05-20','555123987'),('23456789B','Manuel','Pérez','1981-07-22','555234567'),('23456791T','Alberto','Medina','1999-06-11','555012890'),('23456792C','Raúl','Álvarez','1982-12-26','555901654'),('23456793L','Mateo','Acosta','1991-10-19','555890543'),('23456794U','Marco','Rojas','2000-08-14','555789320'),('23456795D','Ricardo','Castro','1983-06-02','555678319'),('23456796M','Juan Pablo','Sandoval','1992-05-30','555567308'),('23456797V','Agustín','Rojo','2001-11-27','555456297'),('23456798E','Eugenio','Cáceres','1984-02-02','555345286'),('23456799N','Aníbal','Carrasco','1993-12-28','555234276'),('32109867L','Edgardo','Céspedes','1992-07-28','555876543'),('32109868U','Leonidas','Varas','1980-04-05','555109876'),('32109869D','Gilberto','Bravo','1994-03-15','555432109'),('32109870J','Salvador','Hidalgo','1995-10-03','555559446'),('32109870M','Leonel','Yáñez','1981-11-24','555765432'),('32109871S','Juan Pablo','Escobar','1981-11-24','555562940'),('32109871V','René','Silva','1995-10-03','555098765'),('32109872B','César','Meza','1994-03-15','555566433'),('32109872E','Alfonso','Contreras','1983-06-13','555321098'),('32109873K','Ángel','Gutiérrez','1980-04-05','555569926'),('32109873N','Oscar','Maturana','1996-10-21','555654321'),('32109874H','Raúl','Herrera','1999-06-16','555538487'),('32109874T','Simón','Venegas','1992-07-28','555573419'),('32109874W','Marco','Ulloa','1984-05-30','555987654'),('32109875F','José Manuel','Avila','1999-03-02','555210987'),('32109875Q','Adrián','Flores','1988-11-08','555541980'),('32109876C','Daniel','Zepeda','2004-11-17','555543210'),('32109876O','Tomás','Sánchez','1988-11-08','555543210'),('32109876Z','Francisco','Jara','1999-03-02','555545473'),('32109877I','Fernando','Cáceres','1984-05-30','555548967'),('32109878R','Raúl','Orellana','1996-10-21','555552460'),('32109879A','Luis Alberto','Tapia','1983-06-13','555555953'),('34567802U','Diego','Mendoza','2000-01-24','555123654'),('34567803D','Gabriel','Cruz','1983-05-09','555012765'),('34567804M','Víctor','Duarte','1992-04-01','555901432'),('34567805V','Hugo','Sepúlveda','2001-12-27','555890431'),('34567806E','Emiliano','Navarro','1984-10-15','555789420'),('34567807N','Álex','Fuentes','1993-10-12','555678419'),('34567808W','Gilberto','Gutiérrez','2002-06-09','555567408'),('34567809F','Teodoro','Aranda','1985-06-15','555456397'),('34567810O','Fermín','Leiva','1994-07-11','555345387'),('34567890C','Alejandro','González','1982-11-05','555345678'),('34567891L','Miguel','Vargas','1991-09-02','555234876'),('43210978M','Bruno','Cifuentes','1991-03-15','555543210'),('43210979V','Hugo','Jeldres','2005-02-22','555876543'),('43210980E','Esteban','Figueroa','1992-11-02','555109876'),('43210980Z','Juan Carlos','Santander','1982-01-30','555555565'),('43210981I','Alonso','Sanhueza','1994-05-22','555559058'),('43210981N','Bruno','Barraza','1980-07-11','555432109'),('43210982R','Roberto Carlos','Valencia','1980-07-11','555562551'),('43210982W','Patricio','Burgos','1994-05-22','555765432'),('43210983A','Alejandro','Palma','1992-11-02','555566045'),('43210983F','Mauricio','Ahumada','1982-01-30','555098765'),('43210984J','Santiago','Aravena','2005-02-22','555569538'),('43210984O','Jaime','Lira','1995-06-08','555321098'),('43210985G','Eduardo','Escobar','1998-02-02','555538099'),('43210985S','Samuel','Guzmán','1991-03-15','555573031'),('43210985X','Javier','Espinosa','1982-12-16','555654321'),('43210986G','Pablo','Zambrano','1997-10-20','555987654'),('43210986P','Gabriel','Zavala','1987-06-26','555541592'),('43210987D','Xavier','Sepúlveda','2003-06-05','555210987'),('43210987P','Carlos','Arévalo','1987-06-26','555210987'),('43210987Y','Emilio','Navarro','1997-10-20','555545085'),('43210988H','Álvaro','Verdugo','1982-12-16','555548579'),('43210989Q','Jesús','Cordero','1995-06-08','555552072'),('43843823A','Fernando','Labrador','2000-09-23','555765890'),('45672341f','Juan','Pérez','1990-05-15','098765432'),('45678901D','Luis','López','1983-04-18','555456789'),('45678902M','José Antonio','Jiménez','1992-01-15','555345765'),('45678913V','Jorge','León','2001-03-09','555234789'),('45678914E','Emilio','Ríos','1984-10-20','555123876'),('45678915N','Tomás','Núñez','1993-08-14','555012543'),('45678916W','Benjamín','Peña','2002-07-09','555901542'),('45678917F','Aarón','Morales','1985-03-29','555890531'),('45678918O','Gerardo','Vega','1994-04-25','555789520'),('45678919X','Esteban','Vera','2003-12-22','555678519'),('45678920G','Leandro','Alarcón','1986-12-28','555567508'),('45678921P','Teófilo','Barrios','1995-11-24','555456498'),('54321089N','Dante','Venegas','1989-11-02','555210987'),('54321090P','Arturo','Leiva','1994-01-26','555551684'),('54321090W','Federico','Gutiérrez','2003-10-10','555543210'),('54321091F','Gerardo','Meza','1991-06-20','555876543'),('54321091Y','Eduardo','Moncada','1980-09-17','555555177'),('54321092H','Mateo','Valenzuela','1993-01-09','555558670'),('54321092O','Ramiro','Escobar','2005-05-29','555109876'),('54321093Q','Fabián','Núñez','2005-05-29','555562163'),('54321093X','Ernesto','Hidalgo','1993-01-09','555432109'),('54321094G','Guillermo','Tapia','1980-09-17','555765432'),('54321094Z','Ariel','Riquelme','1991-06-20','555565656'),('54321095I','Leonardo','Toro','2003-10-10','555569150'),('54321095P','Germán','Orellana','1994-01-26','555098765'),('54321096F','Alejandro','Barrios','1997-09-19','555537711'),('54321096R','Julián','Villanueva','1989-11-02','555572643'),('54321096Y','Diego','Cáceres','1981-08-03','555321098'),('54321097H','Luis','Jara','1996-06-07','555654321'),('54321097O','Alberto','Varela','1986-01-13','555541204'),('54321098E','Valentín','Díaz','2002-02-22','555987654'),('54321098Q','Andrés','Flores','1986-01-13','555789098'),('54321098X','Juan José','Salazar','1996-06-07','555544697'),('54321099G','Antonio','Pinto','1981-08-03','555548190'),('54656849B','Daniel','Lopez','1999-03-21','555987000'),('56789012E','Carlos','García','1984-09-29','555567890'),('56789013N','Pedro','Ruiz','1993-03-28','555456654'),('56789020Y','Joel','Orellana','2004-05-05','555789620'),('56789024W','Eduardo','Ramírez','2002-10-22','555345901'),('56789025F','Julián','Valdez','1985-01-02','555234987'),('56789026O','Nicolás','Cordero','1994-12-27','555123654'),('56789027X','Samuel','Paredes','2003-01-21','555012653'),('56789028G','Martín','Alvarado','1986-11-11','555901642'),('56789029P','Arturo','Pizarro','1995-09-07','555890631'),('56789031H','Rodolfo','Riquelme','1987-07-10','555678619'),('56789032Q','Casimiro','Escobar','1996-05-07','555567509'),('65432100F','Iván','Cabrera','1980-04-18','555547802'),('65432100O','Ángel','Guzmán','1988-06-20','555987654'),('65432101O','Julián','Cisternas','1992-08-14','555551295'),('65432101X','César','Aravena','2002-05-29','555210987'),('65432102G','Juan Pablo','Palma','1990-02-07','555543210'),('65432102X','Alexis','Miranda','2005-05-04','555554789'),('65432103G','Nicolás','Rojo','1991-08-27','555558282'),('65432103P','Salvador','Valencia','2003-12-17','555876543'),('65432104P','Javier','Vargas','2003-12-17','555561775'),('65432104Y','Luis Alberto','Sanhueza','1991-08-27','555109876'),('65432105H','Raúl','Santander','2005-05-04','555432109'),('65432105Y','Ezequiel','Godoy','1990-02-07','555565268'),('65432106H','Emiliano','Retamal','2002-05-29','555568762'),('65432106Q','Fernando','Cordero','1992-08-14','555765432'),('65432107E','Martín','Leiva','1996-05-07','555537323'),('65432107Q','Carlos Alberto','Córdova','1988-06-20','555572255'),('65432107Z','Francisco','Verdugo','1980-04-18','555098765'),('65432108I','Adrián','Navarro','1995-01-25','555321098'),('65432108N','Nicolás','Peñaloza','1984-10-01','555540816'),('65432109F','Simón','Cáceres','2000-10-10','555654321'),('65432109R','Raúl','Zavala','1984-10-01','555456234'),('65432109W','David','Mendoza','1995-01-25','555544309'),('67890123F','José','Martínez','1985-12-12','555678901'),('67890124O','Ángel','Morales','1994-11-09','555567543'),('67890130Q','Abel','Toledo','1996-01-20','555901742'),('67890131Z','Edmundo','Sepúlveda','2005-09-18','555890731'),('67890135X','Rubén','Gómez','2003-05-05','555456210'),('67890136G','Guillermo','Aguilar','1986-09-15','555345098'),('67890137P','Leonardo','Pineda','1995-07-09','555234765'),('67890138Y','Isaac','Araya','2004-05-04','555123764'),('67890139H','Ezequiel','Montoya','1987-05-24','555012753'),('67890142I','Fausto','Calderón','1988-11-23','555789720'),('67890143R','Jacinto','Herrera','1997-09-19','555678620'),('76543210G','Samuel','Meneses','1999-05-29','555321098'),('76543210S','Eduardo','Varela','1983-05-19','555123876'),('76543210V','Sebastián','Rivas','1993-09-12','555543921'),('76543211E','Felipe','Molina','2005-02-04','555547414'),('76543211P','Santiago','Villanueva','1987-02-07','555654321'),('76543212N','Sergio','Barrientos','1991-04-01','555550907'),('76543212Y','Alejandro','Toro','2001-01-15','555987654'),('76543213H','Roberto Carlos','Riquelme','1988-09-25','555210987'),('76543213W','Ricardo','Oyarzún','2003-10-22','555554401'),('76543214F','Gustavo','Fuentes','1990-04-14','555557894'),('76543214Q','Alonso','Núñez','2002-08-05','555543210'),('76543215O','Humberto','Báez','2002-08-05','555561387'),('76543215Z','Juan Carlos','Valenzuela','1990-04-14','555876543'),('76543216I','Jesús','Moncada','2003-10-22','555109876'),('76543216X','Rubén','Pizarro','1988-09-25','555564880'),('76543217G','Renato','Labra','2001-01-15','555568373'),('76543217R','Álvaro','Leiva','1991-04-01','555432109'),('76543218A','Emilio','Pinto','2005-02-04','555765432'),('76543218D','Ricardo','Carrasco','1995-11-24','555536935'),('76543218P','Claudio','Llanos','1987-02-07','555571867'),('76543219J','Gabriel','Salazar','1993-09-12','555098765'),('76543219M','Ignacio','Silva','1983-05-19','555540428'),('78901234G','Antonio','Sánchez','1986-08-01','555789012'),('78901235P','Rafael','Herrera','1995-07-23','555678432'),('78901240I','Leonardo','Serrano','1988-10-06','555123864'),('78901241R','Raúl','Ávalos','1997-06-03','555012853'),('78901242A','Orlando','Salinas','1980-06-12','555901842'),('78901246Y','Oscar','Soto','2004-09-18','555567109'),('78901247H','Ramón','Guzmán','1987-03-28','555456567'),('78901248Q','Andrés','Quiroz','1996-02-21','555345876'),('78901249Z','Juan Carlos','Herrera','2005-09-17','555234875'),('78901253J','Valentín','Olivares','1989-05-06','555890831'),('78901254S','Fermín','Mardones','1998-02-02','555789731'),('87654320K','Alberto','Mendoza','1992-04-30','555765432'),('87654320L','Daniel','Rojas','1982-01-07','555540040'),('87654321H','Julián','Maldonado','1998-01-15','555098765'),('87654321T','Alejandro','Peñaloza','1982-01-07','555654321'),('87654321U','Héctor','Paredes','1992-04-30','555543533'),('87654322D','Roberto','Torres','2004-09-22','555547026'),('87654322Q','Leonardo','Córdova','1985-09-25','555321098'),('87654323M','Víctor','Beltrán','1989-11-18','555550519'),('87654323Z','Ariel','Retamal','1999-09-03','555654321'),('87654324I','Fabián','Godoy','1987-05-13','555987654'),('87654324V','Adrián','Calderón','2002-06-09','555554012'),('87654325E','Marcos','Lagos','1988-12-01','555557506'),('87654325R','Mateo','Vargas','2001-03-24','555210987'),('87654326A','Eduardo','Rojo','1988-12-01','555543210'),('87654326N','Alexis','Muñoz','2001-03-24','555560999'),('87654327J','Arturo','Miranda','2002-06-09','555876543'),('87654327W','Juan Manuel','Córdova','1987-05-13','555564492'),('87654328F','Oliver','Salinas','1999-09-03','555567985'),('87654328S','Antonio','Cisternas','1989-11-18','555109876'),('87654329B','Juan José','Cabrera','2004-09-22','555432109'),('87654329C','Evaristo','Zúñiga','1994-07-11','555536546'),('87654329O','Benjamín','Zúñiga','1985-09-25','555571478'),('89012345H','Francisco','Romero','1987-02-14','555890123'),('89012346Q','Fernando','Ortega','1996-04-04','555789321'),('89012350A','Luis Miguel','Moya','1980-05-25','555345986'),('89012351J','Rodrigo','Zamora','1989-02-19','555234975'),('89012352S','Federico','Arancibia','1998-10-16','555123964'),('89012353B','Octavio','Arce','1981-10-25','555012953'),('89012357Z','Pablo','Espinoza','2005-02-01','555678890'),('89012358I','Alfonso','Cortés','1988-07-11','555567876'),('89012359R','Simón','Figueroa','1997-06-05','555456987'),('89012364K','Severo','Muñoz','1990-09-18','555901942'),('89012365T','Bonifacio','Méndez','1999-06-16','555890842'),('90123456I','Javier','Díaz','1988-06-27','555901234'),('90123457R','Sergio','Castro','1997-08-17','555890210'),('90123460S','Joel','Salgado','1998-11-18','555567098'),('90123461B','Ernesto','Palacios','1981-09-07','555456097'),('90123462K','Álvaro','Villalobos','1990-06-03','555345086'),('90123463T','Enrique','Bravo','1999-03-01','555234075'),('90123464C','Gonzalo','Vidal','1982-05-08','555123064'),('90123468A','Iván','Reyes','1980-04-16','555789432'),('90123469J','Adrían','Rivas','1989-11-24','555678765'),('90123475L','César','Sáez','1991-02-01','555012054'),('90123476U','Evaristo','Jara','2000-12-29','555901953'),('98765430B','Bonifacio','Sáez','1993-12-28','555536158'),('98765430C','David','Molina','2003-05-09','555109876'),('98765431K','Tomás','Jara','1981-08-25','555539651'),('98765431L','Nicolás','Rivas','1991-11-16','555432109'),('98765432I','Carlos Alberto','Miranda','1996-09-03','555765432'),('98765432T','José Manuel','Guerra','1991-11-16','555543145'),('98765432U','Martín','Silva','1981-08-25','555321987'),('98765433C','Marco','Almeida','2003-05-09','555546638'),('98765433R','Emiliano','Llanos','1984-05-12','555098765'),('98765434A','Ezequiel','Labra','1998-04-21','555321098'),('98765434L','Oscar','Ríos','1988-07-06','555550131'),('98765435J','Javier','Pizarro','1985-12-31','555654321'),('98765435U','Alfonso','Cádiz','2000-12-27','555553624'),('98765436D','René','Jofré','1987-07-19','555557118'),('98765436S','Nicolás','Báez','1999-11-11','555987654'),('98765437B','Alexis','Fuentes','1987-07-19','555210987'),('98765437M','Leonel','Gómez','1999-11-11','555560611'),('98765438K','Julián','Oyarzún','2000-12-27','555543210'),('98765438V','Gilberto','Aguirre','1985-12-31','555564104'),('98765439E','Leonidas','Mardones','1998-04-21','555567597'),('98765439T','Iván','Barrientos','1988-07-06','555876543'),('98765440N','Edgardo','Peña','1984-05-12','555571090'),('98765441W','Daniel','Cisterna','1996-09-03','555574584');
/*!40000 ALTER TABLE `jugador` ENABLE KEYS */;
UNLOCK TABLES;
/*!50003 SET @saved_cs_client      = @@character_set_client */ ;
/*!50003 SET @saved_cs_results     = @@character_set_results */ ;
/*!50003 SET @saved_col_connection = @@collation_connection */ ;
/*!50003 SET character_set_client  = utf8mb4 */ ;
/*!50003 SET character_set_results = utf8mb4 */ ;
/*!50003 SET collation_connection  = utf8mb4_general_ci */ ;
/*!50003 SET @saved_sql_mode       = @@sql_mode */ ;
/*!50003 SET sql_mode              = 'STRICT_TRANS_TABLES,NO_ZERO_IN_DATE,NO_ZERO_DATE,NO_ENGINE_SUBSTITUTION' */ ;
DELIMITER ;;
/*!50003 CREATE*/ /*!50017 DEFINER=`root`@`localhost`*/ /*!50003 trigger registro_insert

after insert on jugador

for each row

begin

    insert into registro (forma)

    values ('insertado correctamente');

end */;;
DELIMITER ;
/*!50003 SET sql_mode              = @saved_sql_mode */ ;
/*!50003 SET character_set_client  = @saved_cs_client */ ;
/*!50003 SET character_set_results = @saved_cs_results */ ;
/*!50003 SET collation_connection  = @saved_col_connection */ ;

--
-- Table structure for table `partido`
--

DROP TABLE IF EXISTS `partido`;
/*!40101 SET @saved_cs_client     = @@character_set_client */;
/*!50503 SET character_set_client = utf8mb4 */;
CREATE TABLE `partido` (
  `id_partido` int(11) NOT NULL,
  `num_jornada` varchar(15) DEFAULT NULL,
  `fecha_y_hora` date DEFAULT NULL,
  `resultado` varchar(20) DEFAULT NULL,
  `TEMPORADA_nombre_temporada` varchar(15) NOT NULL,
  `ARBITRO_id_arbitro` int(11) NOT NULL,
  `EQUIPO_nombre_local` varchar(25) NOT NULL,
  `EQUIPO_nombre_visitante` varchar(25) NOT NULL,
  PRIMARY KEY (`id_partido`),
  KEY `fk_PARTIDO_TEMPORADA` (`TEMPORADA_nombre_temporada`),
  KEY `fk_PARTIDO_ARBITRO1` (`ARBITRO_id_arbitro`),
  KEY `fk_PARTIDO_EQUIPO1` (`EQUIPO_nombre_local`),
  KEY `fk_PARTIDO_EQUIPO2` (`EQUIPO_nombre_visitante`),
  CONSTRAINT `fk_PARTIDO_ARBITRO1` FOREIGN KEY (`ARBITRO_id_arbitro`) REFERENCES `arbitro` (`id_arbitro`) ON DELETE NO ACTION ON UPDATE NO ACTION,
  CONSTRAINT `fk_PARTIDO_EQUIPO1` FOREIGN KEY (`EQUIPO_nombre_local`) REFERENCES `equipo` (`nombre_equipo`) ON DELETE NO ACTION ON UPDATE NO ACTION,
  CONSTRAINT `fk_PARTIDO_EQUIPO2` FOREIGN KEY (`EQUIPO_nombre_visitante`) REFERENCES `equipo` (`nombre_equipo`) ON DELETE NO ACTION ON UPDATE NO ACTION,
  CONSTRAINT `fk_PARTIDO_TEMPORADA` FOREIGN KEY (`TEMPORADA_nombre_temporada`) REFERENCES `temporada` (`nombre_temporada`) ON DELETE NO ACTION ON UPDATE NO ACTION
) ENGINE=InnoDB DEFAULT CHARSET=utf8 COLLATE=utf8_general_ci;
/*!40101 SET character_set_client = @saved_cs_client */;

--
-- Dumping data for table `partido`
--

LOCK TABLES `partido` WRITE;
/*!40000 ALTER TABLE `partido` DISABLE KEYS */;
INSERT INTO `partido` VALUES (1,'1','2022-01-01','0-0','Temporada 1',1,'SD Eibar','Rayo Vallecano'),(2,'1','2022-01-01','1-0','Temporada 1',2,'Sevilla FC','Valencia CF'),(3,'1','2022-01-01','0-1','Temporada 1',3,'Real Sociedad','Girona'),(4,'1','2022-01-01','1-1','Temporada 1',4,'RCD Espanyol','RCD Mallorca'),(5,'1','2022-01-01','0-2','Temporada 1',5,'Athletic Club','Real Sociedad'),(6,'1','2022-01-01','2-0','Temporada 1',6,'Celta de Vigo','CA Osasuna'),(7,'1','2022-01-01','2-1','Temporada 1',7,'Villarreal CF','Real Betis'),(8,'1','2022-01-01','1-2','Temporada 1',8,'Getafe CF','FC Barcelona'),(9,'1','2022-01-01','0-0','Temporada 1',9,'Levante UD','Deportivo Alavés'),(10,'1','2022-01-01','1-0','Temporada 1',10,'Atlético de Madrid','Granada CF'),(11,'2','2022-01-10','0-1','Temporada 1',11,'RCD Mallorca','Villarreal CF'),(12,'2','2022-01-10','1-1','Temporada 1',12,'Valencia CF','RCD Espanyol'),(13,'2','2022-01-10','0-2','Temporada 1',13,'Real Sociedad','Celta de Vigo'),(14,'2','2022-01-10','2-0','Temporada 1',14,'SD Eibar','Real Madrid'),(15,'2','2022-01-10','2-1','Temporada 1',15,'CA Osasuna','Athletic Club'),(16,'2','2022-01-10','1-2','Temporada 1',16,'Girona','Getafe CF'),(17,'2','2022-01-10','0-0','Temporada 1',17,'FC Barcelona','Levante UD'),(18,'2','2022-01-10','1-0','Temporada 1',18,'Real Betis','Atlético de Madrid'),(19,'2','2022-01-10','0-1','Temporada 1',19,'Deportivo Alavés','Sevilla FC'),(20,'2','2022-01-10','1-1','Temporada 1',20,'Granada CF','Rayo Vallecano'),(21,'3','2022-01-20','0-2','Temporada 1',21,'RCD Espanyol','Real Sociedad'),(22,'3','2022-01-20','2-0','Temporada 1',22,'Celta de Vigo','Real Madrid'),(23,'3','2022-01-20','2-1','Temporada 1',23,'Levante UD','SD Eibar'),(24,'3','2022-01-20','1-2','Temporada 1',24,'Granada CF','RCD Mallorca'),(25,'3','2022-01-20','0-0','Temporada 1',25,'Sevilla FC','Girona'),(26,'3','2022-01-20','1-0','Temporada 1',26,'Villarreal CF','FC Barcelona'),(27,'3','2022-01-20','0-1','Temporada 1',27,'Valencia CF','CA Osasuna'),(28,'3','2022-01-20','1-1','Temporada 1',28,'Athletic Club','Real Betis'),(29,'3','2022-01-20','0-2','Temporada 1',29,'Getafe CF','Deportivo Alavés'),(30,'3','2022-01-20','2-0','Temporada 1',30,'Rayo Vallecano','Atlético de Madrid'),(31,'4','2022-02-02','2-1','Temporada 1',31,'Levante UD','Villarreal CF'),(32,'4','2022-02-02','1-2','Temporada 1',32,'SD Eibar','Celta de Vigo'),(33,'4','2022-02-02','0-0','Temporada 1',33,'Real Sociedad','Granada CF'),(34,'4','2022-02-02','1-0','Temporada 1',34,'Real Madrid','Getafe CF'),(35,'4','2022-02-02','0-1','Temporada 1',35,'Deportivo Alavés','Valencia CF'),(36,'4','2022-02-02','1-1','Temporada 1',36,'Real Betis','Rayo Vallecano'),(37,'4','2022-02-02','0-2','Temporada 1',37,'Girona','RCD Espanyol'),(38,'4','2022-02-02','2-0','Temporada 1',38,'RCD Mallorca','Athletic Club'),(39,'4','2022-02-02','2-1','Temporada 1',39,'CA Osasuna','FC Barcelona'),(40,'4','2022-02-02','1-2','Temporada 1',40,'Atlético de Madrid','Sevilla FC'),(41,'5','2022-02-12','0-0','Temporada 1',41,'Rayo Vallecano','Deportivo Alavés'),(42,'5','2022-02-12','1-0','Temporada 1',42,'Athletic Club','Levante UD'),(43,'5','2022-02-12','0-1','Temporada 1',43,'Valencia CF','Atlético de Madrid'),(44,'5','2022-02-12','1-1','Temporada 1',44,'Celta de Vigo','RCD Mallorca'),(45,'5','2022-02-12','0-2','Temporada 1',45,'FC Barcelona','Real Betis'),(46,'5','2022-02-12','2-0','Temporada 1',46,'Getafe CF','CA Osasuna'),(47,'5','2022-02-12','2-1','Temporada 1',47,'Villarreal CF','SD Eibar'),(48,'5','2022-02-12','1-2','Temporada 1',48,'Sevilla FC','RCD Espanyol'),(49,'5','2022-02-12','0-0','Temporada 1',49,'Real Madrid','Real Sociedad'),(50,'5','2022-02-12','1-0','Temporada 1',50,'Granada CF','Girona'),(51,'6','2022-02-22','0-1','Temporada 1',51,'Deportivo Alavés','Athletic Club'),(52,'6','2022-02-22','1-1','Temporada 1',52,'Girona','RCD Mallorca'),(53,'6','2022-02-22','0-2','Temporada 1',53,'CA Osasuna','Sevilla FC'),(54,'6','2022-02-22','2-0','Temporada 1',54,'FC Barcelona','Celta de Vigo'),(55,'6','2022-02-22','2-1','Temporada 1',55,'SD Eibar','Valencia CF'),(56,'6','2022-02-22','1-2','Temporada 1',56,'Real Sociedad','Getafe CF'),(57,'6','2022-02-22','0-0','Temporada 1',57,'Rayo Vallecano','Villarreal CF'),(58,'6','2022-02-22','1-0','Temporada 1',58,'Real Betis','Levante UD'),(59,'6','2022-02-22','0-1','Temporada 1',59,'RCD Espanyol','Granada CF'),(60,'6','2022-02-22','1-1','Temporada 1',60,'Atlético de Madrid','Real Madrid'),(61,'7','2022-03-01','0-2','Temporada 1',61,'Sevilla FC','SD Eibar'),(62,'7','2022-03-01','2-0','Temporada 1',62,'RCD Mallorca','FC Barcelona'),(63,'7','2022-03-01','2-1','Temporada 1',63,'Athletic Club','Getafe CF'),(64,'7','2022-03-01','1-2','Temporada 1',64,'Real Madrid','RCD Espanyol'),(65,'7','2022-03-01','0-0','Temporada 1',65,'Villarreal CF','Girona'),(66,'7','2022-03-01','1-0','Temporada 1',66,'Valencia CF','Real Sociedad'),(67,'7','2022-03-01','0-1','Temporada 1',67,'Levante UD','Rayo Vallecano'),(68,'7','2022-03-01','1-1','Temporada 1',68,'Celta de Vigo','Deportivo Alavés'),(69,'7','2022-03-01','0-2','Temporada 1',69,'Granada CF','Real Betis'),(70,'7','2022-03-01','2-0','Temporada 1',70,'CA Osasuna','Atlético de Madrid'),(71,'8','2022-03-11','2-1','Temporada 1',71,'FC Barcelona','Sevilla FC'),(72,'8','2022-03-11','1-2','Temporada 1',72,'Getafe CF','Villarreal CF'),(73,'8','2022-03-11','0-0','Temporada 1',73,'Rayo Vallecano','RCD Mallorca'),(74,'8','2022-03-11','1-0','Temporada 1',74,'Girona','Real Madrid'),(75,'8','2022-03-11','0-1','Temporada 1',75,'Real Sociedad','Athletic Club'),(76,'8','2022-03-11','1-1','Temporada 1',76,'SD Eibar','Granada CF'),(77,'8','2022-03-11','0-2','Temporada 1',77,'Deportivo Alavés','CA Osasuna'),(78,'8','2022-03-11','2-0','Temporada 1',78,'Real Betis','Valencia CF'),(79,'8','2022-03-11','2-1','Temporada 1',79,'Atlético de Madrid','Levante UD'),(80,'8','2022-03-11','1-2','Temporada 1',80,'RCD Espanyol','Celta de Vigo'),(81,'9','2022-03-21','0-0','Temporada 1',81,'Athletic Club','SD Eibar'),(82,'9','2022-03-21','1-0','Temporada 1',82,'Levante UD','Girona'),(83,'9','2022-03-21','0-1','Temporada 1',83,'Real Madrid','CA Osasuna'),(84,'9','2022-03-21','1-1','Temporada 1',84,'RCD Mallorca','Valencia CF'),(85,'9','2022-03-21','0-2','Temporada 1',85,'Sevilla FC','Rayo Vallecano'),(86,'9','2022-03-21','2-0','Temporada 1',86,'Villarreal CF','RCD Espanyol'),(87,'9','2022-03-21','2-1','Temporada 1',87,'Atlético de Madrid','Real Sociedad'),(88,'9','2022-03-21','1-2','Temporada 1',88,'Deportivo Alavés','Real Betis'),(89,'9','2022-03-21','0-0','Temporada 1',89,'Celta de Vigo','Getafe CF'),(90,'9','2022-03-21','1-0','Temporada 1',90,'Granada CF','FC Barcelona'),(91,'10','2022-04-02','0-1','Temporada 1',91,'CA Osasuna','Granada CF'),(92,'10','2022-04-02','1-1','Temporada 1',92,'Real Sociedad','RCD Mallorca'),(93,'10','2022-04-02','0-2','Temporada 1',93,'Getafe CF','Real Betis'),(94,'10','2022-04-02','2-0','Temporada 1',94,'Sevilla FC','Real Madrid'),(95,'10','2022-04-02','2-1','Temporada 1',95,'Celta de Vigo','Atlético de Madrid'),(96,'10','2022-04-02','1-2','Temporada 1',96,'RCD Espanyol','Rayo Vallecano'),(97,'10','2022-04-02','0-0','Temporada 1',97,'Girona','SD Eibar'),(98,'10','2022-04-02','1-0','Temporada 1',98,'Villarreal CF','Deportivo Alavés'),(99,'10','2022-04-02','0-1','Temporada 1',99,'FC Barcelona','Athletic Club'),(100,'10','2022-04-02','0-0','Temporada 1',100,'Valencia CF','Levante UD'),(101,'11','2022-04-12','1-0','Temporada 1',101,'Girona','Celta de Vigo'),(102,'11','2022-04-12','0-1','Temporada 1',102,'SD Eibar','RCD Espanyol'),(103,'11','2022-04-12','1-1','Temporada 1',103,'FC Barcelona','Real Madrid'),(104,'11','2022-04-12','0-2','Temporada 1',104,'RCD Mallorca','Getafe CF'),(105,'11','2022-04-12','2-0','Temporada 1',105,'Levante UD','Sevilla FC'),(106,'11','2022-04-12','2-1','Temporada 1',106,'Real Betis','CA Osasuna'),(107,'11','2022-04-12','1-2','Temporada 1',107,'Rayo Vallecano','Real Sociedad'),(108,'11','2022-04-12','0-0','Temporada 1',108,'Athletic Club','Valencia CF'),(109,'11','2022-04-12','1-0','Temporada 1',109,'Atlético de Madrid','Deportivo Alavés'),(110,'11','2022-04-12','0-1','Temporada 1',110,'Granada CF','Villarreal CF'),(111,'12','2022-04-22','1-1','Temporada 1',111,'RCD Espanyol','Atlético de Madrid'),(112,'12','2022-04-22','0-2','Temporada 1',112,'CA Osasuna','Girona'),(113,'12','2022-04-22','2-0','Temporada 1',113,'Real Betis','RCD Mallorca'),(114,'12','2022-04-22','2-1','Temporada 1',114,'Celta de Vigo','Sevilla FC'),(115,'12','2022-04-22','1-2','Temporada 1',115,'Real Sociedad','FC Barcelona'),(116,'12','2022-04-22','0-0','Temporada 1',116,'Deportivo Alavés','SD Eibar'),(117,'12','2022-04-22','1-0','Temporada 1',117,'Valencia CF','Granada CF'),(118,'12','2022-04-22','0-1','Temporada 1',118,'Villarreal CF','Athletic Club'),(119,'12','2022-04-22','1-1','Temporada 1',119,'Real Madrid','Rayo Vallecano'),(120,'12','2022-04-22','0-2','Temporada 1',120,'Getafe CF','Levante UD'),(121,'13','2022-05-04','2-0','Temporada 1',121,'Athletic Club','Celta de Vigo'),(122,'13','2022-05-04','2-1','Temporada 1',122,'Rayo Vallecano','Girona'),(123,'13','2022-05-04','1-2','Temporada 1',123,'SD Eibar','Real Sociedad'),(124,'13','2022-05-04','0-0','Temporada 1',124,'CA Osasuna','RCD Espanyol'),(125,'13','2022-05-04','1-0','Temporada 1',125,'Granada CF','Getafe CF'),(126,'13','2022-05-04','0-1','Temporada 1',126,'Real Madrid','Valencia CF'),(127,'13','2022-05-04','1-1','Temporada 1',127,'FC Barcelona','Deportivo Alavés'),(128,'13','2022-05-04','0-2','Temporada 1',128,'Sevilla FC','Real Betis'),(129,'13','2022-05-04','2-0','Temporada 1',129,'Atlético de Madrid','Villarreal CF'),(130,'13','2022-05-04','2-1','Temporada 1',130,'RCD Mallorca','Levante UD'),(131,'14','2022-05-14','1-2','Temporada 1',131,'Deportivo Alavés','Granada CF'),(132,'14','2022-05-14','0-0','Temporada 1',132,'Rayo Vallecano','FC Barcelona'),(133,'14','2022-05-14','1-0','Temporada 1',133,'Valencia CF','Celta de Vigo'),(134,'14','2022-05-14','0-1','Temporada 1',134,'Getafe CF','SD Eibar'),(135,'14','2022-05-14','1-1','Temporada 1',135,'Atlético de Madrid','RCD Mallorca'),(136,'14','2022-05-14','0-2','Temporada 1',136,'Villarreal CF','CA Osasuna'),(137,'14','2022-05-14','2-0','Temporada 1',137,'Real Sociedad','Sevilla FC'),(138,'14','2022-05-14','2-1','Temporada 1',138,'Levante UD','Real Madrid'),(139,'14','2022-05-14','1-2','Temporada 1',139,'Real Betis','RCD Espanyol'),(140,'14','2022-05-14','0-0','Temporada 1',140,'Girona','Athletic Club'),(141,'15','2022-05-24','1-0','Temporada 1',141,'RCD Espanyol','Getafe CF'),(142,'15','2022-05-24','0-1','Temporada 1',142,'Girona','Valencia CF'),(143,'15','2022-05-24','1-1','Temporada 1',143,'Athletic Club','Rayo Vallecano'),(144,'15','2022-05-24','0-2','Temporada 1',144,'Real Madrid','Granada CF'),(145,'15','2022-05-24','2-0','Temporada 1',145,'CA Osasuna','Real Sociedad'),(146,'15','2022-05-24','2-1','Temporada 1',146,'RCD Mallorca','Deportivo Alavés'),(147,'15','2022-05-24','1-2','Temporada 1',147,'SD Eibar','Real Betis'),(148,'15','2022-05-24','0-0','Temporada 1',148,'Sevilla FC','Villarreal CF'),(149,'15','2022-05-24','1-0','Temporada 1',149,'FC Barcelona','Atlético de Madrid'),(150,'15','2022-05-24','0-1','Temporada 1',150,'Celta de Vigo','Levante UD'),(151,'16','2022-06-05','1-1','Temporada 1',151,'Getafe CF','Valencia CF'),(152,'16','2022-06-05','0-2','Temporada 1',152,'Deportivo Alavés','RCD Espanyol'),(153,'16','2022-06-05','2-0','Temporada 1',153,'Real Betis','Real Madrid'),(154,'16','2022-06-05','2-1','Temporada 1',154,'Villarreal CF','Real Sociedad'),(155,'16','2022-06-05','1-2','Temporada 1',155,'RCD Mallorca','Sevilla FC'),(156,'16','2022-06-05','0-0','Temporada 1',156,'Atlético de Madrid','SD Eibar'),(157,'16','2022-06-05','1-0','Temporada 1',157,'Levante UD','CA Osasuna'),(158,'16','2022-06-05','0-1','Temporada 1',158,'FC Barcelona','Girona'),(159,'16','2022-06-05','1-1','Temporada 1',159,'Granada CF','Athletic Club'),(160,'16','2022-06-05','0-2','Temporada 1',160,'Rayo Vallecano','Celta de Vigo'),(161,'17','2022-06-15','2-0','Temporada 1',161,'CA Osasuna','Rayo Vallecano'),(162,'17','2022-06-15','2-1','Temporada 1',162,'Celta de Vigo','Granada CF'),(163,'17','2022-06-15','1-2','Temporada 1',163,'Athletic Club','Atlético de Madrid'),(164,'17','2022-06-15','0-0','Temporada 1',164,'Sevilla FC','Getafe CF'),(165,'17','2022-06-15','1-0','Temporada 1',165,'Valencia CF','FC Barcelona'),(166,'17','2022-06-15','0-1','Temporada 1',166,'SD Eibar','RCD Mallorca'),(167,'17','2022-06-15','1-1','Temporada 1',167,'Real Sociedad','Real Betis'),(168,'17','2022-06-15','0-2','Temporada 1',168,'RCD Espanyol','Levante UD'),(169,'17','2022-06-15','2-0','Temporada 1',169,'Real Madrid','Villarreal CF'),(170,'17','2022-06-15','2-1','Temporada 1',170,'Girona','Deportivo Alavés'),(171,'18','2022-06-25','1-2','Temporada 1',171,'Rayo Vallecano','Valencia CF'),(172,'18','2022-06-25','0-0','Temporada 1',172,'Granada CF','Sevilla FC'),(173,'18','2022-06-25','1-0','Temporada 1',173,'Atlético de Madrid','Getafe CF'),(174,'18','2022-06-25','0-1','Temporada 1',174,'FC Barcelona','SD Eibar'),(175,'18','2022-06-25','1-1','Temporada 1',175,'Athletic Club','RCD Espanyol'),(176,'18','2022-06-25','0-2','Temporada 1',176,'Villarreal CF','Celta de Vigo'),(177,'18','2022-06-25','2-0','Temporada 1',177,'Real Betis','Girona'),(178,'18','2022-06-25','2-1','Temporada 1',178,'Levante UD','Real Sociedad'),(179,'18','2022-06-25','1-2','Temporada 1',179,'Deportivo Alavés','Real Madrid'),(180,'18','2022-06-25','0-0','Temporada 1',180,'RCD Mallorca','CA Osasuna'),(181,'19','2022-07-05','1-0','Temporada 1',181,'Getafe CF','Rayo Vallecano'),(182,'19','2022-07-05','0-1','Temporada 1',182,'Real Sociedad','Deportivo Alavés'),(183,'19','2022-07-05','1-1','Temporada 1',183,'Valencia CF','Villarreal CF'),(184,'19','2022-07-05','0-2','Temporada 1',184,'Granada CF','Levante UD'),(185,'19','2022-07-05','2-0','Temporada 1',185,'Real Madrid','RCD Mallorca'),(186,'19','2022-07-05','2-1','Temporada 1',186,'Celta de Vigo','Real Betis'),(187,'19','2022-07-05','1-2','Temporada 1',187,'Girona','Atlético de Madrid'),(188,'19','2022-07-05','0-0','Temporada 1',188,'CA Osasuna','SD Eibar'),(189,'19','2022-07-05','1-0','Temporada 1',189,'Sevilla FC','Athletic Club'),(190,'19','2022-07-05','0-1','Temporada 1',190,'RCD Espanyol','FC Barcelona'),(191,'20','2022-07-15','1-1','Temporada 1',191,'Rayo Vallecano','SD Eibar'),(192,'20','2022-07-15','0-2','Temporada 1',192,'Valencia CF','Sevilla FC'),(193,'20','2022-07-15','2-0','Temporada 1',193,'Girona','Real Sociedad'),(194,'20','2022-07-15','2-1','Temporada 1',194,'RCD Mallorca','RCD Espanyol'),(195,'20','2022-07-15','1-2','Temporada 1',195,'Real Sociedad','Athletic Club'),(196,'20','2022-07-15','0-0','Temporada 1',196,'CA Osasuna','Celta de Vigo'),(197,'20','2022-07-15','1-0','Temporada 1',197,'Real Betis','Villarreal CF'),(198,'20','2022-07-15','0-1','Temporada 1',198,'FC Barcelona','Getafe CF'),(199,'20','2022-07-15','0-0','Temporada 1',199,'Deportivo Alavés','Levante UD'),(200,'20','2022-07-15','1-0','Temporada 1',200,'Granada CF','Atlético de Madrid'),(201,'21','2022-07-25','0-1','Temporada 1',1,'Villarreal CF','RCD Mallorca'),(202,'21','2022-07-25','1-1','Temporada 1',2,'RCD Espanyol','Valencia CF'),(203,'21','2022-07-25','0-2','Temporada 1',3,'Celta de Vigo','Real Sociedad'),(204,'21','2022-07-25','2-0','Temporada 1',4,'Real Madrid','SD Eibar'),(205,'21','2022-07-25','2-1','Temporada 1',5,'Athletic Club','CA Osasuna'),(206,'21','2022-07-25','1-2','Temporada 1',6,'Getafe CF','Girona'),(207,'21','2022-07-25','0-0','Temporada 1',7,'Levante UD','FC Barcelona'),(208,'21','2022-07-25','1-0','Temporada 1',8,'Atlético de Madrid','Real Betis'),(209,'21','2022-07-25','0-1','Temporada 1',9,'Sevilla FC','Deportivo Alavés'),(210,'21','2022-07-25','1-1','Temporada 1',10,'Rayo Vallecano','Granada CF'),(211,'22','2022-08-05','0-2','Temporada 1',11,'Real Sociedad','RCD Espanyol'),(212,'22','2022-08-05','2-0','Temporada 1',12,'Real Madrid','Celta de Vigo'),(213,'22','2022-08-05','2-1','Temporada 1',13,'SD Eibar','Levante UD'),(214,'22','2022-08-05','1-2','Temporada 1',14,'RCD Mallorca','Granada CF'),(215,'22','2022-08-05','0-0','Temporada 1',15,'Girona','Sevilla FC'),(216,'22','2022-08-05','1-0','Temporada 1',16,'FC Barcelona','Villarreal CF'),(217,'22','2022-08-05','0-1','Temporada 1',17,'CA Osasuna','Valencia CF'),(218,'22','2022-08-05','1-1','Temporada 1',18,'Real Betis','Athletic Club'),(219,'22','2022-08-05','0-2','Temporada 1',19,'Deportivo Alavés','Getafe CF'),(220,'22','2022-08-05','2-0','Temporada 1',20,'Atlético de Madrid','Rayo Vallecano'),(221,'23','2022-08-15','2-1','Temporada 1',21,'Villarreal CF','Levante UD'),(222,'23','2022-08-15','1-2','Temporada 1',22,'Celta de Vigo','SD Eibar'),(223,'23','2022-08-15','0-0','Temporada 1',23,'Granada CF','Real Sociedad'),(224,'23','2022-08-15','1-0','Temporada 1',24,'Getafe CF','Real Madrid'),(225,'23','2022-08-15','0-1','Temporada 1',25,'Valencia CF','Deportivo Alavés'),(226,'23','2022-08-15','1-1','Temporada 1',26,'Rayo Vallecano','Real Betis'),(227,'23','2022-08-15','0-2','Temporada 1',27,'RCD Espanyol','Girona'),(228,'23','2022-08-15','2-0','Temporada 1',28,'Athletic Club','RCD Mallorca'),(229,'23','2022-08-15','2-1','Temporada 1',29,'FC Barcelona','CA Osasuna'),(230,'23','2022-08-15','1-2','Temporada 1',30,'Sevilla FC','Atlético de Madrid'),(231,'24','2022-08-25','0-0','Temporada 1',31,'Deportivo Alavés','Rayo Vallecano'),(232,'24','2022-08-25','1-0','Temporada 1',32,'Levante UD','Athletic Club'),(233,'24','2022-08-25','0-1','Temporada 1',33,'Atlético de Madrid','Valencia CF'),(234,'24','2022-08-25','1-1','Temporada 1',34,'RCD Mallorca','Celta de Vigo'),(235,'24','2022-08-25','0-2','Temporada 1',35,'Real Betis','FC Barcelona'),(236,'24','2022-08-25','2-0','Temporada 1',36,'CA Osasuna','Getafe CF'),(237,'24','2022-08-25','2-1','Temporada 1',37,'SD Eibar','Villarreal CF'),(238,'24','2022-08-25','1-2','Temporada 1',38,'RCD Espanyol','Sevilla FC'),(239,'24','2022-08-25','0-0','Temporada 1',39,'Real Sociedad','Real Madrid'),(240,'24','2022-08-25','1-0','Temporada 1',40,'Girona','Granada CF'),(241,'25','2022-09-06','0-1','Temporada 1',41,'Athletic Club','Deportivo Alavés'),(242,'25','2022-09-06','1-1','Temporada 1',42,'RCD Mallorca','Girona'),(243,'25','2022-09-06','0-2','Temporada 1',43,'Sevilla FC','CA Osasuna'),(244,'25','2022-09-06','2-0','Temporada 1',44,'Celta de Vigo','FC Barcelona'),(245,'25','2022-09-06','2-1','Temporada 1',45,'Valencia CF','SD Eibar'),(246,'25','2022-09-06','1-2','Temporada 1',46,'Getafe CF','Real Sociedad'),(247,'25','2022-09-06','0-0','Temporada 1',47,'Villarreal CF','Rayo Vallecano'),(248,'25','2022-09-06','1-0','Temporada 1',48,'Levante UD','Real Betis'),(249,'25','2022-09-06','0-1','Temporada 1',49,'Granada CF','RCD Espanyol'),(250,'25','2022-09-06','1-1','Temporada 1',50,'Real Madrid','Atlético de Madrid'),(251,'26','2022-09-16','0-2','Temporada 1',51,'SD Eibar','Sevilla FC'),(252,'26','2022-09-16','2-0','Temporada 1',52,'FC Barcelona','RCD Mallorca'),(253,'26','2022-09-16','2-1','Temporada 1',53,'Getafe CF','Athletic Club'),(254,'26','2022-09-16','1-2','Temporada 1',54,'RCD Espanyol','Real Madrid'),(255,'26','2022-09-16','0-0','Temporada 1',55,'Girona','Villarreal CF'),(256,'26','2022-09-16','1-0','Temporada 1',56,'Real Sociedad','Valencia CF'),(257,'26','2022-09-16','0-1','Temporada 1',57,'Rayo Vallecano','Levante UD'),(258,'26','2022-09-16','1-1','Temporada 1',58,'Deportivo Alavés','Celta de Vigo'),(259,'26','2022-09-16','0-2','Temporada 1',59,'Real Betis','Granada CF'),(260,'26','2022-09-16','2-0','Temporada 1',60,'Atlético de Madrid','CA Osasuna'),(261,'27','2022-09-26','2-1','Temporada 1',61,'Sevilla FC','FC Barcelona'),(262,'27','2022-09-26','1-2','Temporada 1',62,'Villarreal CF','Getafe CF'),(263,'27','2022-09-26','0-0','Temporada 1',63,'RCD Mallorca','Rayo Vallecano'),(264,'27','2022-09-26','1-0','Temporada 1',64,'Real Madrid','Girona'),(265,'27','2022-09-26','0-1','Temporada 1',65,'Athletic Club','Real Sociedad'),(266,'27','2022-09-26','1-1','Temporada 1',66,'Granada CF','SD Eibar'),(267,'27','2022-09-26','0-2','Temporada 1',67,'CA Osasuna','Deportivo Alavés'),(268,'27','2022-09-26','2-0','Temporada 1',68,'Valencia CF','Real Betis'),(269,'27','2022-09-26','2-1','Temporada 1',69,'Levante UD','Atlético de Madrid'),(270,'27','2022-09-26','1-2','Temporada 1',70,'Celta de Vigo','RCD Espanyol'),(271,'28','2022-10-06','0-0','Temporada 1',71,'SD Eibar','Athletic Club'),(272,'28','2022-10-06','1-0','Temporada 1',72,'Girona','Levante UD'),(273,'28','2022-10-06','0-1','Temporada 1',73,'CA Osasuna','Real Madrid'),(274,'28','2022-10-06','1-1','Temporada 1',74,'Valencia CF','RCD Mallorca'),(275,'28','2022-10-06','0-2','Temporada 1',75,'Rayo Vallecano','Sevilla FC'),(276,'28','2022-10-06','2-0','Temporada 1',76,'RCD Espanyol','Villarreal CF'),(277,'28','2022-10-06','2-1','Temporada 1',77,'Real Sociedad','Atlético de Madrid'),(278,'28','2022-10-06','1-2','Temporada 1',78,'Real Betis','Deportivo Alavés'),(279,'28','2022-10-06','0-0','Temporada 1',79,'Getafe CF','Celta de Vigo'),(280,'28','2022-10-06','1-0','Temporada 1',80,'FC Barcelona','Granada CF'),(281,'29','2022-10-16','0-1','Temporada 1',81,'Granada CF','CA Osasuna'),(282,'29','2022-10-16','1-1','Temporada 1',82,'RCD Mallorca','Real Sociedad'),(283,'29','2022-10-16','0-2','Temporada 1',83,'Real Betis','Getafe CF'),(284,'29','2022-10-16','2-0','Temporada 1',84,'Real Madrid','Sevilla FC'),(285,'29','2022-10-16','2-1','Temporada 1',85,'Atlético de Madrid','Celta de Vigo'),(286,'29','2022-10-16','1-2','Temporada 1',86,'Rayo Vallecano','RCD Espanyol'),(287,'29','2022-10-16','0-0','Temporada 1',87,'SD Eibar','Girona'),(288,'29','2022-10-16','1-0','Temporada 1',88,'Deportivo Alavés','Villarreal CF'),(289,'29','2022-10-16','0-1','Temporada 1',89,'Athletic Club','FC Barcelona'),(290,'29','2022-10-16','1-1','Temporada 1',90,'Levante UD','Valencia CF'),(291,'30','2022-10-26','0-2','Temporada 1',91,'Celta de Vigo','Girona'),(292,'30','2022-10-26','2-0','Temporada 1',92,'RCD Espanyol','SD Eibar'),(293,'30','2022-10-26','2-1','Temporada 1',93,'Real Madrid','FC Barcelona'),(294,'30','2022-10-26','1-2','Temporada 1',94,'Getafe CF','RCD Mallorca'),(295,'30','2022-10-26','0-0','Temporada 1',95,'Sevilla FC','Levante UD'),(296,'30','2022-10-26','1-0','Temporada 1',96,'CA Osasuna','Real Betis'),(297,'30','2022-10-26','0-1','Temporada 1',97,'Real Sociedad','Rayo Vallecano'),(298,'30','2022-10-26','0-0','Temporada 1',98,'Valencia CF','Athletic Club'),(299,'30','2022-10-26','1-0','Temporada 1',99,'Deportivo Alavés','Atlético de Madrid'),(300,'30','2022-10-26','0-1','Temporada 1',100,'Villarreal CF','Granada CF'),(301,'31','2022-11-02','1-1','Temporada 1',101,'Atlético de Madrid','RCD Espanyol'),(302,'31','2022-11-02','0-2','Temporada 1',102,'Girona','CA Osasuna'),(303,'31','2022-11-02','2-0','Temporada 1',103,'RCD Mallorca','Real Betis'),(304,'31','2022-11-02','2-1','Temporada 1',104,'Sevilla FC','Celta de Vigo'),(305,'31','2022-11-02','1-2','Temporada 1',105,'FC Barcelona','Real Sociedad'),(306,'31','2022-11-02','0-0','Temporada 1',106,'SD Eibar','Deportivo Alavés'),(307,'31','2022-11-02','1-0','Temporada 1',107,'Granada CF','Valencia CF'),(308,'31','2022-11-02','0-1','Temporada 1',108,'Athletic Club','Villarreal CF'),(309,'31','2022-11-02','1-1','Temporada 1',109,'Rayo Vallecano','Real Madrid'),(310,'31','2022-11-02','0-2','Temporada 1',110,'Levante UD','Getafe CF'),(311,'32','2022-11-12','2-0','Temporada 1',111,'Celta de Vigo','Athletic Club'),(312,'32','2022-11-12','2-1','Temporada 1',112,'Girona','Rayo Vallecano'),(313,'32','2022-11-12','1-2','Temporada 1',113,'Real Sociedad','SD Eibar'),(314,'32','2022-11-12','0-0','Temporada 1',114,'RCD Espanyol','CA Osasuna'),(315,'32','2022-11-12','1-0','Temporada 1',115,'Getafe CF','Granada CF'),(316,'32','2022-11-12','0-1','Temporada 1',116,'Valencia CF','Real Madrid'),(317,'32','2022-11-12','1-1','Temporada 1',117,'Deportivo Alavés','FC Barcelona'),(318,'32','2022-11-12','0-2','Temporada 1',118,'Real Betis','Sevilla FC'),(319,'32','2022-11-12','2-0','Temporada 1',119,'Villarreal CF','Atlético de Madrid'),(320,'32','2022-11-12','2-1','Temporada 1',120,'Levante UD','RCD Mallorca'),(321,'33','2022-11-22','1-2','Temporada 1',121,'Granada CF','Deportivo Alavés'),(322,'33','2022-11-22','0-0','Temporada 1',122,'FC Barcelona','Rayo Vallecano'),(323,'33','2022-11-22','1-0','Temporada 1',123,'Celta de Vigo','Valencia CF'),(324,'33','2022-11-22','0-1','Temporada 1',124,'SD Eibar','Getafe CF'),(325,'33','2022-11-22','1-1','Temporada 1',125,'RCD Mallorca','Atlético de Madrid'),(326,'33','2022-11-22','0-2','Temporada 1',126,'CA Osasuna','Villarreal CF'),(327,'33','2022-11-22','2-0','Temporada 1',127,'Sevilla FC','Real Sociedad'),(328,'33','2022-11-22','2-1','Temporada 1',128,'Real Madrid','Levante UD'),(329,'33','2022-11-22','1-2','Temporada 1',129,'RCD Espanyol','Real Betis'),(330,'33','2022-11-22','0-0','Temporada 1',130,'Athletic Club','Girona'),(331,'34','2022-12-04','1-0','Temporada 1',131,'Getafe CF','RCD Espanyol'),(332,'34','2022-12-04','0-1','Temporada 1',132,'Valencia CF','Girona'),(333,'34','2022-12-04','1-1','Temporada 1',133,'Rayo Vallecano','Athletic Club'),(334,'34','2022-12-04','0-2','Temporada 1',134,'Granada CF','Real Madrid'),(335,'34','2022-12-04','2-0','Temporada 1',135,'Real Sociedad','CA Osasuna'),(336,'34','2022-12-04','2-1','Temporada 1',136,'Deportivo Alavés','RCD Mallorca'),(337,'34','2022-12-04','1-2','Temporada 1',137,'Real Betis','SD Eibar'),(338,'34','2022-12-04','0-0','Temporada 1',138,'Villarreal CF','Sevilla FC'),(339,'34','2022-12-04','1-0','Temporada 1',139,'Atlético de Madrid','FC Barcelona'),(340,'34','2022-12-04','0-1','Temporada 1',140,'Levante UD','Celta de Vigo'),(341,'35','2022-12-14','1-1','Temporada 1',141,'Valencia CF','Getafe CF'),(342,'35','2022-12-14','0-2','Temporada 1',142,'RCD Espanyol','Deportivo Alavés'),(343,'35','2022-12-14','2-0','Temporada 1',143,'Real Madrid','Real Betis'),(344,'35','2022-12-14','2-1','Temporada 1',144,'Real Sociedad','Villarreal CF'),(345,'35','2022-12-14','1-2','Temporada 1',145,'Sevilla FC','RCD Mallorca'),(346,'35','2022-12-14','0-0','Temporada 1',146,'SD Eibar','Atlético de Madrid'),(347,'35','2022-12-14','1-0','Temporada 1',147,'CA Osasuna','Levante UD'),(348,'35','2022-12-14','0-1','Temporada 1',148,'Girona','FC Barcelona'),(349,'35','2022-12-14','1-1','Temporada 1',149,'Athletic Club','Granada CF'),(350,'35','2022-12-14','0-2','Temporada 1',150,'Celta de Vigo','Rayo Vallecano'),(351,'36','2022-12-24','2-0','Temporada 1',151,'Rayo Vallecano','CA Osasuna'),(352,'36','2022-12-24','2-1','Temporada 1',152,'Granada CF','Celta de Vigo'),(353,'36','2022-12-24','1-2','Temporada 1',153,'Atlético de Madrid','Athletic Club'),(354,'36','2022-12-24','0-0','Temporada 1',154,'Getafe CF','Sevilla FC'),(355,'36','2022-12-24','1-0','Temporada 1',155,'FC Barcelona','Valencia CF'),(356,'36','2022-12-24','0-1','Temporada 1',156,'RCD Mallorca','SD Eibar'),(357,'36','2022-12-24','1-1','Temporada 1',157,'Real Betis','Real Sociedad'),(358,'36','2022-12-24','0-2','Temporada 1',158,'Levante UD','RCD Espanyol'),(359,'36','2022-12-24','2-0','Temporada 1',159,'Villarreal CF','Real Madrid'),(360,'36','2022-12-24','2-1','Temporada 1',160,'Deportivo Alavés','Girona'),(361,'37','2022-12-27','1-2','Temporada 1',161,'Valencia CF','Rayo Vallecano'),(362,'37','2022-12-27','0-0','Temporada 1',162,'Sevilla FC','Granada CF'),(363,'37','2022-12-27','1-0','Temporada 1',163,'Getafe CF','Atlético de Madrid'),(364,'37','2022-12-27','0-1','Temporada 1',164,'SD Eibar','FC Barcelona'),(365,'37','2022-12-27','1-1','Temporada 1',165,'RCD Espanyol','Athletic Club'),(366,'37','2022-12-27','0-2','Temporada 1',166,'Celta de Vigo','Villarreal CF'),(367,'37','2022-12-27','2-0','Temporada 1',167,'Girona','Real Betis'),(368,'37','2022-12-27','2-1','Temporada 1',168,'Real Sociedad','Levante UD'),(369,'37','2022-12-27','1-2','Temporada 1',169,'Real Madrid','Deportivo Alavés'),(370,'37','2022-12-27','0-0','Temporada 1',170,'CA Osasuna','RCD Mallorca'),(371,'38','2022-12-30','1-0','Temporada 1',171,'Rayo Vallecano','Getafe CF'),(372,'38','2022-12-30','0-1','Temporada 1',172,'Deportivo Alavés','Real Sociedad'),(373,'38','2022-12-30','1-1','Temporada 1',173,'Villarreal CF','Valencia CF'),(374,'38','2022-12-30','0-2','Temporada 1',174,'Levante UD','Granada CF'),(375,'38','2022-12-30','2-0','Temporada 1',175,'RCD Mallorca','Real Madrid'),(376,'38','2022-12-30','2-1','Temporada 1',176,'Real Betis','Celta de Vigo'),(377,'38','2022-12-30','1-2','Temporada 1',177,'Atlético de Madrid','Girona'),(378,'38','2022-12-30','0-0','Temporada 1',178,'SD Eibar','CA Osasuna'),(379,'38','2022-12-30','1-0','Temporada 1',179,'Athletic Club','Sevilla FC'),(380,'38','2022-12-30','0-1','Temporada 1',180,'FC Barcelona','RCD Espanyol'),(381,'1','2022-01-01','1-1','Temporada 2',181,'SD Eibar','Rayo Vallecano'),(382,'1','2022-01-01','0-2','Temporada 2',182,'Sevilla FC','Valencia CF'),(383,'1','2022-01-01','2-0','Temporada 2',183,'Real Sociedad','Girona'),(384,'1','2022-01-01','2-1','Temporada 2',184,'RCD Espanyol','RCD Mallorca'),(385,'1','2022-01-01','1-2','Temporada 2',185,'Athletic Club','Real Sociedad'),(386,'1','2022-01-01','0-0','Temporada 2',186,'Celta de Vigo','CA Osasuna'),(387,'1','2022-01-01','1-0','Temporada 2',187,'Villarreal CF','Real Betis'),(388,'1','2022-01-01','0-1','Temporada 2',188,'Getafe CF','FC Barcelona'),(389,'1','2022-01-01','1-1','Temporada 2',189,'Levante UD','Deportivo Alavés'),(390,'1','2022-01-01','0-2','Temporada 2',190,'Atlético de Madrid','Granada CF'),(391,'2','2022-01-10','2-0','Temporada 2',191,'RCD Mallorca','Villarreal CF'),(392,'2','2022-01-10','2-1','Temporada 2',192,'Valencia CF','RCD Espanyol'),(393,'2','2022-01-10','1-2','Temporada 2',193,'Real Sociedad','Celta de Vigo'),(394,'2','2022-01-10','0-0','Temporada 2',194,'SD Eibar','Real Madrid'),(395,'2','2022-01-10','1-0','Temporada 2',195,'CA Osasuna','Athletic Club'),(396,'2','2022-01-10','0-1','Temporada 2',196,'Girona','Getafe CF'),(397,'2','2022-01-10','0-0','Temporada 2',197,'FC Barcelona','Levante UD'),(398,'2','2022-01-10','1-0','Temporada 2',198,'Real Betis','Atlético de Madrid'),(399,'2','2022-01-10','0-1','Temporada 2',199,'Deportivo Alavés','Sevilla FC'),(400,'2','2022-01-10','1-1','Temporada 2',200,'Granada CF','Rayo Vallecano'),(401,'3','2022-01-20','0-2','Temporada 2',1,'RCD Espanyol','Real Sociedad'),(402,'3','2022-01-20','2-0','Temporada 2',2,'Celta de Vigo','Real Madrid'),(403,'3','2022-01-20','2-1','Temporada 2',3,'Levante UD','SD Eibar'),(404,'3','2022-01-20','1-2','Temporada 2',4,'Granada CF','RCD Mallorca'),(405,'3','2022-01-20','0-0','Temporada 2',5,'Sevilla FC','Girona'),(406,'3','2022-01-20','1-0','Temporada 2',6,'Villarreal CF','FC Barcelona'),(407,'3','2022-01-20','0-1','Temporada 2',7,'Valencia CF','CA Osasuna'),(408,'3','2022-01-20','1-1','Temporada 2',8,'Athletic Club','Real Betis'),(409,'3','2022-01-20','0-2','Temporada 2',9,'Getafe CF','Deportivo Alavés'),(410,'3','2022-01-20','2-0','Temporada 2',10,'Rayo Vallecano','Atlético de Madrid'),(411,'4','2022-02-02','2-1','Temporada 2',11,'Levante UD','Villarreal CF'),(412,'4','2022-02-02','1-2','Temporada 2',12,'SD Eibar','Celta de Vigo'),(413,'4','2022-02-02','0-0','Temporada 2',13,'Real Sociedad','Granada CF'),(414,'4','2022-02-02','1-0','Temporada 2',14,'Real Madrid','Getafe CF'),(415,'4','2022-02-02','0-1','Temporada 2',15,'Deportivo Alavés','Valencia CF'),(416,'4','2022-02-02','1-1','Temporada 2',16,'Real Betis','Rayo Vallecano'),(417,'4','2022-02-02','0-2','Temporada 2',17,'Girona','RCD Espanyol'),(418,'4','2022-02-02','2-0','Temporada 2',18,'RCD Mallorca','Athletic Club'),(419,'4','2022-02-02','2-1','Temporada 2',19,'CA Osasuna','FC Barcelona'),(420,'4','2022-02-02','1-2','Temporada 2',20,'Atlético de Madrid','Sevilla FC'),(421,'5','2022-02-12','0-0','Temporada 2',21,'Rayo Vallecano','Deportivo Alavés'),(422,'5','2022-02-12','1-0','Temporada 2',22,'Athletic Club','Levante UD'),(423,'5','2022-02-12','0-1','Temporada 2',23,'Valencia CF','Atlético de Madrid'),(424,'5','2022-02-12','1-1','Temporada 2',24,'Celta de Vigo','RCD Mallorca'),(425,'5','2022-02-12','0-2','Temporada 2',25,'FC Barcelona','Real Betis'),(426,'5','2022-02-12','2-0','Temporada 2',26,'Getafe CF','CA Osasuna'),(427,'5','2022-02-12','2-1','Temporada 2',27,'Villarreal CF','SD Eibar'),(428,'5','2022-02-12','1-2','Temporada 2',28,'Sevilla FC','RCD Espanyol'),(429,'5','2022-02-12','0-0','Temporada 2',29,'Real Madrid','Real Sociedad'),(430,'5','2022-02-12','1-0','Temporada 2',30,'Granada CF','Girona'),(431,'6','2022-02-22','0-1','Temporada 2',31,'Deportivo Alavés','Athletic Club'),(432,'6','2022-02-22','1-1','Temporada 2',32,'Girona','RCD Mallorca'),(433,'6','2022-02-22','0-2','Temporada 2',33,'CA Osasuna','Sevilla FC'),(434,'6','2022-02-22','2-0','Temporada 2',34,'FC Barcelona','Celta de Vigo'),(435,'6','2022-02-22','2-1','Temporada 2',35,'SD Eibar','Valencia CF'),(436,'6','2022-02-22','1-2','Temporada 2',36,'Real Sociedad','Getafe CF'),(437,'6','2022-02-22','0-0','Temporada 2',37,'Rayo Vallecano','Villarreal CF'),(438,'6','2022-02-22','1-0','Temporada 2',38,'Real Betis','Levante UD'),(439,'6','2022-02-22','0-1','Temporada 2',39,'RCD Espanyol','Granada CF'),(440,'6','2022-02-22','1-1','Temporada 2',40,'Atlético de Madrid','Real Madrid'),(441,'7','2022-03-01','0-2','Temporada 2',41,'Sevilla FC','SD Eibar'),(442,'7','2022-03-01','2-0','Temporada 2',42,'RCD Mallorca','FC Barcelona'),(443,'7','2022-03-01','2-1','Temporada 2',43,'Athletic Club','Getafe CF'),(444,'7','2022-03-01','1-2','Temporada 2',44,'Real Madrid','RCD Espanyol'),(445,'7','2022-03-01','0-0','Temporada 2',45,'Villarreal CF','Girona'),(446,'7','2022-03-01','1-0','Temporada 2',46,'Valencia CF','Real Sociedad'),(447,'7','2022-03-01','0-1','Temporada 2',47,'Levante UD','Rayo Vallecano'),(448,'7','2022-03-01','1-1','Temporada 2',48,'Celta de Vigo','Deportivo Alavés'),(449,'7','2022-03-01','0-2','Temporada 2',49,'Granada CF','Real Betis'),(450,'7','2022-03-01','2-0','Temporada 2',50,'CA Osasuna','Atlético de Madrid'),(451,'8','2022-03-11','2-1','Temporada 2',51,'FC Barcelona','Sevilla FC'),(452,'8','2022-03-11','1-2','Temporada 2',52,'Getafe CF','Villarreal CF'),(453,'8','2022-03-11','0-0','Temporada 2',53,'Rayo Vallecano','RCD Mallorca'),(454,'8','2022-03-11','1-0','Temporada 2',54,'Girona','Real Madrid'),(455,'8','2022-03-11','0-1','Temporada 2',55,'Real Sociedad','Athletic Club'),(456,'8','2022-03-11','1-1','Temporada 2',56,'SD Eibar','Granada CF'),(457,'8','2022-03-11','0-2','Temporada 2',57,'Deportivo Alavés','CA Osasuna'),(458,'8','2022-03-11','2-0','Temporada 2',58,'Real Betis','Valencia CF'),(459,'8','2022-03-11','2-1','Temporada 2',59,'Atlético de Madrid','Levante UD'),(460,'8','2022-03-11','1-2','Temporada 2',60,'RCD Espanyol','Celta de Vigo'),(461,'9','2022-03-21','0-0','Temporada 2',61,'Athletic Club','SD Eibar'),(462,'9','2022-03-21','1-0','Temporada 2',62,'Levante UD','Girona'),(463,'9','2022-03-21','0-1','Temporada 2',63,'Real Madrid','CA Osasuna'),(464,'9','2022-03-21','1-1','Temporada 2',64,'RCD Mallorca','Valencia CF'),(465,'9','2022-03-21','0-2','Temporada 2',65,'Sevilla FC','Rayo Vallecano'),(466,'9','2022-03-21','2-0','Temporada 2',66,'Villarreal CF','RCD Espanyol'),(467,'9','2022-03-21','2-1','Temporada 2',67,'Atlético de Madrid','Real Sociedad'),(468,'9','2022-03-21','1-2','Temporada 2',68,'Deportivo Alavés','Real Betis'),(469,'9','2022-03-21','0-0','Temporada 2',69,'Celta de Vigo','Getafe CF'),(470,'9','2022-03-21','1-0','Temporada 2',70,'Granada CF','FC Barcelona'),(471,'10','2022-04-02','0-1','Temporada 2',71,'CA Osasuna','Granada CF'),(472,'10','2022-04-02','1-1','Temporada 2',72,'Real Sociedad','RCD Mallorca'),(473,'10','2022-04-02','0-2','Temporada 2',73,'Getafe CF','Real Betis'),(474,'10','2022-04-02','2-0','Temporada 2',74,'Sevilla FC','Real Madrid'),(475,'10','2022-04-02','2-1','Temporada 2',75,'Celta de Vigo','Atlético de Madrid'),(476,'10','2022-04-02','1-2','Temporada 2',76,'RCD Espanyol','Rayo Vallecano'),(477,'10','2022-04-02','0-0','Temporada 2',77,'Girona','SD Eibar'),(478,'10','2022-04-02','1-0','Temporada 2',78,'Villarreal CF','Deportivo Alavés'),(479,'10','2022-04-02','0-1','Temporada 2',79,'FC Barcelona','Athletic Club'),(480,'10','2022-04-02','1-1','Temporada 2',80,'Valencia CF','Levante UD'),(481,'11','2022-04-12','0-2','Temporada 2',81,'Girona','Celta de Vigo'),(482,'11','2022-04-12','2-0','Temporada 2',82,'SD Eibar','RCD Espanyol'),(483,'11','2022-04-12','2-1','Temporada 2',83,'FC Barcelona','Real Madrid'),(484,'11','2022-04-12','1-2','Temporada 2',84,'RCD Mallorca','Getafe CF'),(485,'11','2022-04-12','0-0','Temporada 2',85,'Levante UD','Sevilla FC'),(486,'11','2022-04-12','1-0','Temporada 2',86,'Real Betis','CA Osasuna'),(487,'11','2022-04-12','0-1','Temporada 2',87,'Rayo Vallecano','Real Sociedad'),(488,'11','2022-04-12','1-1','Temporada 2',88,'Athletic Club','Valencia CF'),(489,'11','2022-04-12','0-2','Temporada 2',89,'Atlético de Madrid','Deportivo Alavés'),(490,'11','2022-04-12','2-0','Temporada 2',90,'Granada CF','Villarreal CF'),(491,'12','2022-04-22','2-1','Temporada 2',91,'RCD Espanyol','Atlético de Madrid'),(492,'12','2022-04-22','1-2','Temporada 2',92,'CA Osasuna','Girona'),(493,'12','2022-04-22','0-0','Temporada 2',93,'Real Betis','RCD Mallorca'),(494,'12','2022-04-22','1-0','Temporada 2',94,'Celta de Vigo','Sevilla FC'),(495,'12','2022-04-22','0-1','Temporada 2',95,'Real Sociedad','FC Barcelona'),(496,'12','2022-04-22','0-0','Temporada 2',96,'Deportivo Alavés','SD Eibar'),(497,'12','2022-04-22','1-0','Temporada 2',97,'Valencia CF','Granada CF'),(498,'12','2022-04-22','0-1','Temporada 2',98,'Villarreal CF','Athletic Club'),(499,'12','2022-04-22','1-1','Temporada 2',99,'Real Madrid','Rayo Vallecano'),(500,'12','2022-04-22','0-2','Temporada 2',100,'Getafe CF','Levante UD'),(501,'13','2022-05-04','2-0','Temporada 2',101,'Athletic Club','Celta de Vigo'),(502,'13','2022-05-04','2-1','Temporada 2',102,'Rayo Vallecano','Girona'),(503,'13','2022-05-04','1-2','Temporada 2',103,'SD Eibar','Real Sociedad'),(504,'13','2022-05-04','0-0','Temporada 2',104,'CA Osasuna','RCD Espanyol'),(505,'13','2022-05-04','1-0','Temporada 2',105,'Granada CF','Getafe CF'),(506,'13','2022-05-04','0-1','Temporada 2',106,'Real Madrid','Valencia CF'),(507,'13','2022-05-04','1-1','Temporada 2',107,'FC Barcelona','Deportivo Alavés'),(508,'13','2022-05-04','0-2','Temporada 2',108,'Sevilla FC','Real Betis'),(509,'13','2022-05-04','2-0','Temporada 2',109,'Atlético de Madrid','Villarreal CF'),(510,'13','2022-05-04','2-1','Temporada 2',110,'RCD Mallorca','Levante UD'),(511,'14','2022-05-14','1-2','Temporada 2',111,'Deportivo Alavés','Granada CF'),(512,'14','2022-05-14','0-0','Temporada 2',112,'Rayo Vallecano','FC Barcelona'),(513,'14','2022-05-14','1-0','Temporada 2',113,'Valencia CF','Celta de Vigo'),(514,'14','2022-05-14','0-1','Temporada 2',114,'Getafe CF','SD Eibar'),(515,'14','2022-05-14','1-1','Temporada 2',115,'Atlético de Madrid','RCD Mallorca'),(516,'14','2022-05-14','0-2','Temporada 2',116,'Villarreal CF','CA Osasuna'),(517,'14','2022-05-14','2-0','Temporada 2',117,'Real Sociedad','Sevilla FC'),(518,'14','2022-05-14','2-1','Temporada 2',118,'Levante UD','Real Madrid'),(519,'14','2022-05-14','1-2','Temporada 2',119,'Real Betis','RCD Espanyol'),(520,'14','2022-05-14','0-0','Temporada 2',120,'Girona','Athletic Club'),(521,'15','2022-05-24','1-0','Temporada 2',121,'RCD Espanyol','Getafe CF'),(522,'15','2022-05-24','0-1','Temporada 2',122,'Girona','Valencia CF'),(523,'15','2022-05-24','1-1','Temporada 2',123,'Athletic Club','Rayo Vallecano'),(524,'15','2022-05-24','0-2','Temporada 2',124,'Real Madrid','Granada CF'),(525,'15','2022-05-24','2-0','Temporada 2',125,'CA Osasuna','Real Sociedad'),(526,'15','2022-05-24','2-1','Temporada 2',126,'RCD Mallorca','Deportivo Alavés'),(527,'15','2022-05-24','1-2','Temporada 2',127,'SD Eibar','Real Betis'),(528,'15','2022-05-24','0-0','Temporada 2',128,'Sevilla FC','Villarreal CF'),(529,'15','2022-05-24','1-0','Temporada 2',129,'FC Barcelona','Atlético de Madrid'),(530,'15','2022-05-24','0-1','Temporada 2',130,'Celta de Vigo','Levante UD'),(531,'16','2022-06-05','1-1','Temporada 2',131,'Getafe CF','Valencia CF'),(532,'16','2022-06-05','0-2','Temporada 2',132,'Deportivo Alavés','RCD Espanyol'),(533,'16','2022-06-05','2-0','Temporada 2',133,'Real Betis','Real Madrid'),(534,'16','2022-06-05','2-1','Temporada 2',134,'Villarreal CF','Real Sociedad'),(535,'16','2022-06-05','1-2','Temporada 2',135,'RCD Mallorca','Sevilla FC'),(536,'16','2022-06-05','0-0','Temporada 2',136,'Atlético de Madrid','SD Eibar'),(537,'16','2022-06-05','1-0','Temporada 2',137,'Levante UD','CA Osasuna'),(538,'16','2022-06-05','0-1','Temporada 2',138,'FC Barcelona','Girona'),(539,'16','2022-06-05','1-1','Temporada 2',139,'Granada CF','Athletic Club'),(540,'16','2022-06-05','0-2','Temporada 2',140,'Rayo Vallecano','Celta de Vigo'),(541,'17','2022-06-15','2-0','Temporada 2',141,'CA Osasuna','Rayo Vallecano'),(542,'17','2022-06-15','2-1','Temporada 2',142,'Celta de Vigo','Granada CF'),(543,'17','2022-06-15','1-2','Temporada 2',143,'Athletic Club','Atlético de Madrid'),(544,'17','2022-06-15','0-0','Temporada 2',144,'Sevilla FC','Getafe CF'),(545,'17','2022-06-15','1-0','Temporada 2',145,'Valencia CF','FC Barcelona'),(546,'17','2022-06-15','0-1','Temporada 2',146,'SD Eibar','RCD Mallorca'),(547,'17','2022-06-15','1-1','Temporada 2',147,'Real Sociedad','Real Betis'),(548,'17','2022-06-15','0-2','Temporada 2',148,'RCD Espanyol','Levante UD'),(549,'17','2022-06-15','2-0','Temporada 2',149,'Real Madrid','Villarreal CF'),(550,'17','2022-06-15','2-1','Temporada 2',150,'Girona','Deportivo Alavés'),(551,'18','2022-06-25','1-2','Temporada 2',151,'Rayo Vallecano','Valencia CF'),(552,'18','2022-06-25','0-0','Temporada 2',152,'Granada CF','Sevilla FC'),(553,'18','2022-06-25','1-0','Temporada 2',153,'Atlético de Madrid','Getafe CF'),(554,'18','2022-06-25','0-1','Temporada 2',154,'FC Barcelona','SD Eibar'),(555,'18','2022-06-25','1-1','Temporada 2',155,'Athletic Club','RCD Espanyol'),(556,'18','2022-06-25','0-2','Temporada 2',156,'Villarreal CF','Celta de Vigo'),(557,'18','2022-06-25','2-0','Temporada 2',157,'Real Betis','Girona'),(558,'18','2022-06-25','2-1','Temporada 2',158,'Levante UD','Real Sociedad'),(559,'18','2022-06-25','1-2','Temporada 2',159,'Deportivo Alavés','Real Madrid'),(560,'18','2022-06-25','0-0','Temporada 2',160,'RCD Mallorca','CA Osasuna'),(561,'19','2022-07-05','1-0','Temporada 2',161,'Getafe CF','Rayo Vallecano'),(562,'19','2022-07-05','0-1','Temporada 2',162,'Real Sociedad','Deportivo Alavés'),(563,'19','2022-07-05','1-1','Temporada 2',163,'Valencia CF','Villarreal CF'),(564,'19','2022-07-05','0-2','Temporada 2',164,'Granada CF','Levante UD'),(565,'19','2022-07-05','2-0','Temporada 2',165,'Real Madrid','RCD Mallorca'),(566,'19','2022-07-05','2-1','Temporada 2',166,'Celta de Vigo','Real Betis'),(567,'19','2022-07-05','1-2','Temporada 2',167,'Girona','Atlético de Madrid'),(568,'19','2022-07-05','0-0','Temporada 2',168,'CA Osasuna','SD Eibar'),(569,'19','2022-07-05','1-0','Temporada 2',169,'Sevilla FC','Athletic Club'),(570,'19','2022-07-05','0-1','Temporada 2',170,'RCD Espanyol','FC Barcelona'),(571,'20','2022-07-15','1-1','Temporada 2',171,'Rayo Vallecano','SD Eibar'),(572,'20','2022-07-15','0-2','Temporada 2',172,'Valencia CF','Sevilla FC'),(573,'20','2022-07-15','2-0','Temporada 2',173,'Girona','Real Sociedad'),(574,'20','2022-07-15','2-1','Temporada 2',174,'RCD Mallorca','RCD Espanyol'),(575,'20','2022-07-15','1-2','Temporada 2',175,'Real Sociedad','Athletic Club'),(576,'20','2022-07-15','0-0','Temporada 2',176,'CA Osasuna','Celta de Vigo'),(577,'20','2022-07-15','1-0','Temporada 2',177,'Real Betis','Villarreal CF'),(578,'20','2022-07-15','0-1','Temporada 2',178,'FC Barcelona','Getafe CF'),(579,'20','2022-07-15','1-1','Temporada 2',179,'Deportivo Alavés','Levante UD'),(580,'20','2022-07-15','0-2','Temporada 2',180,'Granada CF','Atlético de Madrid'),(581,'21','2022-07-25','2-0','Temporada 2',181,'Villarreal CF','RCD Mallorca'),(582,'21','2022-07-25','2-1','Temporada 2',182,'RCD Espanyol','Valencia CF'),(583,'21','2022-07-25','1-2','Temporada 2',183,'Celta de Vigo','Real Sociedad'),(584,'21','2022-07-25','0-0','Temporada 2',184,'Real Madrid','SD Eibar'),(585,'21','2022-07-25','1-0','Temporada 2',185,'Athletic Club','CA Osasuna'),(586,'21','2022-07-25','0-1','Temporada 2',186,'Getafe CF','Girona'),(587,'21','2022-07-25','1-1','Temporada 2',187,'Levante UD','FC Barcelona'),(588,'21','2022-07-25','0-2','Temporada 2',188,'Atlético de Madrid','Real Betis'),(589,'21','2022-07-25','2-0','Temporada 2',189,'Sevilla FC','Deportivo Alavés'),(590,'21','2022-07-25','2-1','Temporada 2',190,'Rayo Vallecano','Granada CF'),(591,'22','2022-08-05','1-2','Temporada 2',191,'Real Sociedad','RCD Espanyol'),(592,'22','2022-08-05','0-0','Temporada 2',192,'Real Madrid','Celta de Vigo'),(593,'22','2022-08-05','1-0','Temporada 2',193,'SD Eibar','Levante UD'),(594,'22','2022-08-05','0-1','Temporada 2',194,'RCD Mallorca','Granada CF'),(595,'22','2022-08-05','0-0','Temporada 2',195,'Girona','Sevilla FC'),(596,'22','2022-08-05','1-0','Temporada 2',196,'FC Barcelona','Villarreal CF'),(597,'22','2022-08-05','0-1','Temporada 2',197,'CA Osasuna','Valencia CF'),(598,'22','2022-08-05','1-1','Temporada 2',198,'Real Betis','Athletic Club'),(599,'22','2022-08-05','0-2','Temporada 2',199,'Deportivo Alavés','Getafe CF'),(600,'22','2022-08-05','2-0','Temporada 2',200,'Atlético de Madrid','Rayo Vallecano'),(601,'23','2022-08-15','2-1','Temporada 2',1,'Villarreal CF','Levante UD'),(602,'23','2022-08-15','1-2','Temporada 2',2,'Celta de Vigo','SD Eibar'),(603,'23','2022-08-15','0-0','Temporada 2',3,'Granada CF','Real Sociedad'),(604,'23','2022-08-15','1-0','Temporada 2',4,'Getafe CF','Real Madrid'),(605,'23','2022-08-15','0-1','Temporada 2',5,'Valencia CF','Deportivo Alavés'),(606,'23','2022-08-15','1-1','Temporada 2',6,'Rayo Vallecano','Real Betis'),(607,'23','2022-08-15','0-2','Temporada 2',7,'RCD Espanyol','Girona'),(608,'23','2022-08-15','2-0','Temporada 2',8,'Athletic Club','RCD Mallorca'),(609,'23','2022-08-15','2-1','Temporada 2',9,'FC Barcelona','CA Osasuna'),(610,'23','2022-08-15','1-2','Temporada 2',10,'Sevilla FC','Atlético de Madrid'),(611,'24','2022-08-25','0-0','Temporada 2',11,'Deportivo Alavés','Rayo Vallecano'),(612,'24','2022-08-25','1-0','Temporada 2',12,'Levante UD','Athletic Club'),(613,'24','2022-08-25','0-1','Temporada 2',13,'Atlético de Madrid','Valencia CF'),(614,'24','2022-08-25','1-1','Temporada 2',14,'RCD Mallorca','Celta de Vigo'),(615,'24','2022-08-25','0-2','Temporada 2',15,'Real Betis','FC Barcelona'),(616,'24','2022-08-25','2-0','Temporada 2',16,'CA Osasuna','Getafe CF'),(617,'24','2022-08-25','2-1','Temporada 2',17,'SD Eibar','Villarreal CF'),(618,'24','2022-08-25','1-2','Temporada 2',18,'RCD Espanyol','Sevilla FC'),(619,'24','2022-08-25','0-0','Temporada 2',19,'Real Sociedad','Real Madrid'),(620,'24','2022-08-25','1-0','Temporada 2',20,'Girona','Granada CF'),(621,'25','2022-09-06','0-1','Temporada 2',21,'Athletic Club','Deportivo Alavés'),(622,'25','2022-09-06','1-1','Temporada 2',22,'RCD Mallorca','Girona'),(623,'25','2022-09-06','0-2','Temporada 2',23,'Sevilla FC','CA Osasuna'),(624,'25','2022-09-06','2-0','Temporada 2',24,'Celta de Vigo','FC Barcelona'),(625,'25','2022-09-06','2-1','Temporada 2',25,'Valencia CF','SD Eibar'),(626,'25','2022-09-06','1-2','Temporada 2',26,'Getafe CF','Real Sociedad'),(627,'25','2022-09-06','0-0','Temporada 2',27,'Villarreal CF','Rayo Vallecano'),(628,'25','2022-09-06','1-0','Temporada 2',28,'Levante UD','Real Betis'),(629,'25','2022-09-06','0-1','Temporada 2',29,'Granada CF','RCD Espanyol'),(630,'25','2022-09-06','1-1','Temporada 2',30,'Real Madrid','Atlético de Madrid'),(631,'26','2022-09-16','0-2','Temporada 2',31,'SD Eibar','Sevilla FC'),(632,'26','2022-09-16','2-0','Temporada 2',32,'FC Barcelona','RCD Mallorca'),(633,'26','2022-09-16','2-1','Temporada 2',33,'Getafe CF','Athletic Club'),(634,'26','2022-09-16','1-2','Temporada 2',34,'RCD Espanyol','Real Madrid'),(635,'26','2022-09-16','0-0','Temporada 2',35,'Girona','Villarreal CF'),(636,'26','2022-09-16','1-0','Temporada 2',36,'Real Sociedad','Valencia CF'),(637,'26','2022-09-16','0-1','Temporada 2',37,'Rayo Vallecano','Levante UD'),(638,'26','2022-09-16','1-1','Temporada 2',38,'Deportivo Alavés','Celta de Vigo'),(639,'26','2022-09-16','0-2','Temporada 2',39,'Real Betis','Granada CF'),(640,'26','2022-09-16','2-0','Temporada 2',40,'Atlético de Madrid','CA Osasuna'),(641,'27','2022-09-26','2-1','Temporada 2',41,'Sevilla FC','FC Barcelona'),(642,'27','2022-09-26','1-2','Temporada 2',42,'Villarreal CF','Getafe CF'),(643,'27','2022-09-26','0-0','Temporada 2',43,'RCD Mallorca','Rayo Vallecano'),(644,'27','2022-09-26','1-0','Temporada 2',44,'Real Madrid','Girona'),(645,'27','2022-09-26','0-1','Temporada 2',45,'Athletic Club','Real Sociedad'),(646,'27','2022-09-26','1-1','Temporada 2',46,'Granada CF','SD Eibar'),(647,'27','2022-09-26','0-2','Temporada 2',47,'CA Osasuna','Deportivo Alavés'),(648,'27','2022-09-26','2-0','Temporada 2',48,'Valencia CF','Real Betis'),(649,'27','2022-09-26','2-1','Temporada 2',49,'Levante UD','Atlético de Madrid'),(650,'27','2022-09-26','1-2','Temporada 2',50,'Celta de Vigo','RCD Espanyol'),(651,'28','2022-10-06','0-0','Temporada 2',51,'SD Eibar','Athletic Club'),(652,'28','2022-10-06','1-0','Temporada 2',52,'Girona','Levante UD'),(653,'28','2022-10-06','0-1','Temporada 2',53,'CA Osasuna','Real Madrid'),(654,'28','2022-10-06','1-1','Temporada 2',54,'Valencia CF','RCD Mallorca'),(655,'28','2022-10-06','0-2','Temporada 2',55,'Rayo Vallecano','Sevilla FC'),(656,'28','2022-10-06','2-0','Temporada 2',56,'RCD Espanyol','Villarreal CF'),(657,'28','2022-10-06','2-1','Temporada 2',57,'Real Sociedad','Atlético de Madrid'),(658,'28','2022-10-06','1-2','Temporada 2',58,'Real Betis','Deportivo Alavés'),(659,'28','2022-10-06','0-0','Temporada 2',59,'Getafe CF','Celta de Vigo'),(660,'28','2022-10-06','1-0','Temporada 2',60,'FC Barcelona','Granada CF'),(661,'29','2022-10-16','0-1','Temporada 2',61,'Granada CF','CA Osasuna'),(662,'29','2022-10-16','1-1','Temporada 2',62,'RCD Mallorca','Real Sociedad'),(663,'29','2022-10-16','0-2','Temporada 2',63,'Real Betis','Getafe CF'),(664,'29','2022-10-16','2-0','Temporada 2',64,'Real Madrid','Sevilla FC'),(665,'29','2022-10-16','2-1','Temporada 2',65,'Atlético de Madrid','Celta de Vigo'),(666,'29','2022-10-16','1-2','Temporada 2',66,'Rayo Vallecano','RCD Espanyol'),(667,'29','2022-10-16','0-0','Temporada 2',67,'SD Eibar','Girona'),(668,'29','2022-10-16','1-0','Temporada 2',68,'Deportivo Alavés','Villarreal CF'),(669,'29','2022-10-16','0-1','Temporada 2',69,'Athletic Club','FC Barcelona'),(670,'29','2022-10-16','1-1','Temporada 2',70,'Levante UD','Valencia CF'),(671,'30','2022-10-26','0-2','Temporada 2',71,'Celta de Vigo','Girona'),(672,'30','2022-10-26','2-0','Temporada 2',72,'RCD Espanyol','SD Eibar'),(673,'30','2022-10-26','2-1','Temporada 2',73,'Real Madrid','FC Barcelona'),(674,'30','2022-10-26','1-2','Temporada 2',74,'Getafe CF','RCD Mallorca'),(675,'30','2022-10-26','0-0','Temporada 2',75,'Sevilla FC','Levante UD'),(676,'30','2022-10-26','1-0','Temporada 2',76,'CA Osasuna','Real Betis'),(677,'30','2022-10-26','0-1','Temporada 2',77,'Real Sociedad','Rayo Vallecano'),(678,'30','2022-10-26','1-1','Temporada 2',78,'Valencia CF','Athletic Club'),(679,'30','2022-10-26','0-2','Temporada 2',79,'Deportivo Alavés','Atlético de Madrid'),(680,'30','2022-10-26','2-0','Temporada 2',80,'Villarreal CF','Granada CF'),(681,'31','2022-11-02','2-1','Temporada 2',81,'Atlético de Madrid','RCD Espanyol'),(682,'31','2022-11-02','1-2','Temporada 2',82,'Girona','CA Osasuna'),(683,'31','2022-11-02','0-0','Temporada 2',83,'RCD Mallorca','Real Betis'),(684,'31','2022-11-02','1-0','Temporada 2',84,'Sevilla FC','Celta de Vigo'),(685,'31','2022-11-02','0-1','Temporada 2',85,'FC Barcelona','Real Sociedad'),(686,'31','2022-11-02','1-1','Temporada 2',86,'SD Eibar','Deportivo Alavés'),(687,'31','2022-11-02','0-2','Temporada 2',87,'Granada CF','Valencia CF'),(688,'31','2022-11-02','2-0','Temporada 2',88,'Athletic Club','Villarreal CF'),(689,'31','2022-11-02','2-1','Temporada 2',89,'Rayo Vallecano','Real Madrid'),(690,'31','2022-11-02','1-2','Temporada 2',90,'Levante UD','Getafe CF'),(691,'32','2022-11-12','0-0','Temporada 2',91,'Celta de Vigo','Athletic Club'),(692,'32','2022-11-12','1-0','Temporada 2',92,'Girona','Rayo Vallecano'),(693,'32','2022-11-12','0-1','Temporada 2',93,'Real Sociedad','SD Eibar'),(694,'32','2022-11-12','0-0','Temporada 2',94,'RCD Espanyol','CA Osasuna'),(695,'32','2022-11-12','1-0','Temporada 2',95,'Getafe CF','Granada CF'),(696,'32','2022-11-12','0-1','Temporada 2',96,'Valencia CF','Real Madrid'),(697,'32','2022-11-12','1-1','Temporada 2',97,'Deportivo Alavés','FC Barcelona'),(698,'32','2022-11-12','0-2','Temporada 2',98,'Real Betis','Sevilla FC'),(699,'32','2022-11-12','2-0','Temporada 2',99,'Villarreal CF','Atlético de Madrid'),(700,'32','2022-11-12','2-1','Temporada 2',100,'Levante UD','RCD Mallorca'),(701,'33','2022-11-22','1-2','Temporada 2',101,'Granada CF','Deportivo Alavés'),(702,'33','2022-11-22','0-0','Temporada 2',102,'FC Barcelona','Rayo Vallecano'),(703,'33','2022-11-22','1-0','Temporada 2',103,'Celta de Vigo','Valencia CF'),(704,'33','2022-11-22','0-1','Temporada 2',104,'SD Eibar','Getafe CF'),(705,'33','2022-11-22','1-1','Temporada 2',105,'RCD Mallorca','Atlético de Madrid'),(706,'33','2022-11-22','0-2','Temporada 2',106,'CA Osasuna','Villarreal CF'),(707,'33','2022-11-22','2-0','Temporada 2',107,'Sevilla FC','Real Sociedad'),(708,'33','2022-11-22','2-1','Temporada 2',108,'Real Madrid','Levante UD'),(709,'33','2022-11-22','1-2','Temporada 2',109,'RCD Espanyol','Real Betis'),(710,'33','2022-11-22','0-0','Temporada 2',110,'Athletic Club','Girona'),(711,'34','2022-12-04','1-0','Temporada 2',111,'Getafe CF','RCD Espanyol'),(712,'34','2022-12-04','0-1','Temporada 2',112,'Valencia CF','Girona'),(713,'34','2022-12-04','1-1','Temporada 2',113,'Rayo Vallecano','Athletic Club'),(714,'34','2022-12-04','0-2','Temporada 2',114,'Granada CF','Real Madrid'),(715,'34','2022-12-04','2-0','Temporada 2',115,'Real Sociedad','CA Osasuna'),(716,'34','2022-12-04','2-1','Temporada 2',116,'Deportivo Alavés','RCD Mallorca'),(717,'34','2022-12-04','1-2','Temporada 2',117,'Real Betis','SD Eibar'),(718,'34','2022-12-04','0-0','Temporada 2',118,'Villarreal CF','Sevilla FC'),(719,'34','2022-12-04','1-0','Temporada 2',119,'Atlético de Madrid','FC Barcelona'),(720,'34','2022-12-04','0-1','Temporada 2',120,'Levante UD','Celta de Vigo'),(721,'35','2022-12-14','1-1','Temporada 2',121,'Valencia CF','Getafe CF'),(722,'35','2022-12-14','0-2','Temporada 2',122,'RCD Espanyol','Deportivo Alavés'),(723,'35','2022-12-14','2-0','Temporada 2',123,'Real Madrid','Real Betis'),(724,'35','2022-12-14','2-1','Temporada 2',124,'Real Sociedad','Villarreal CF'),(725,'35','2022-12-14','1-2','Temporada 2',125,'Sevilla FC','RCD Mallorca'),(726,'35','2022-12-14','0-0','Temporada 2',126,'SD Eibar','Atlético de Madrid'),(727,'35','2022-12-14','1-0','Temporada 2',127,'CA Osasuna','Levante UD'),(728,'35','2022-12-14','0-1','Temporada 2',128,'Girona','FC Barcelona'),(729,'35','2022-12-14','1-1','Temporada 2',129,'Athletic Club','Granada CF'),(730,'35','2022-12-14','0-2','Temporada 2',130,'Celta de Vigo','Rayo Vallecano'),(731,'36','2022-12-24','2-0','Temporada 2',131,'Rayo Vallecano','CA Osasuna'),(732,'36','2022-12-24','2-1','Temporada 2',132,'Granada CF','Celta de Vigo'),(733,'36','2022-12-24','1-2','Temporada 2',133,'Atlético de Madrid','Athletic Club'),(734,'36','2022-12-24','0-0','Temporada 2',134,'Getafe CF','Sevilla FC'),(735,'36','2022-12-24','1-0','Temporada 2',135,'FC Barcelona','Valencia CF'),(736,'36','2022-12-24','0-1','Temporada 2',136,'RCD Mallorca','SD Eibar'),(737,'36','2022-12-24','1-1','Temporada 2',137,'Real Betis','Real Sociedad'),(738,'36','2022-12-24','0-2','Temporada 2',138,'Levante UD','RCD Espanyol'),(739,'36','2022-12-24','2-0','Temporada 2',139,'Villarreal CF','Real Madrid'),(740,'36','2022-12-24','2-1','Temporada 2',140,'Deportivo Alavés','Girona'),(741,'37','2022-12-27','1-2','Temporada 2',141,'Valencia CF','Rayo Vallecano'),(742,'37','2022-12-27','0-0','Temporada 2',142,'Sevilla FC','Granada CF'),(743,'37','2022-12-27','1-0','Temporada 2',143,'Getafe CF','Atlético de Madrid'),(744,'37','2022-12-27','0-1','Temporada 2',144,'SD Eibar','FC Barcelona'),(745,'37','2022-12-27','1-1','Temporada 2',145,'RCD Espanyol','Athletic Club'),(746,'37','2022-12-27','0-2','Temporada 2',146,'Celta de Vigo','Villarreal CF'),(747,'37','2022-12-27','2-0','Temporada 2',147,'Girona','Real Betis'),(748,'37','2022-12-27','2-1','Temporada 2',148,'Real Sociedad','Levante UD'),(749,'37','2022-12-27','1-2','Temporada 2',149,'Real Madrid','Deportivo Alavés'),(750,'37','2022-12-27','0-0','Temporada 2',150,'CA Osasuna','RCD Mallorca'),(751,'38','2022-12-30','1-0','Temporada 2',151,'Rayo Vallecano','Getafe CF'),(752,'38','2022-12-30','0-1','Temporada 2',152,'Deportivo Alavés','Real Sociedad'),(753,'38','2022-12-30','1-1','Temporada 2',153,'Villarreal CF','Valencia CF'),(754,'38','2022-12-30','0-2','Temporada 2',154,'Levante UD','Granada CF'),(755,'38','2022-12-30','2-0','Temporada 2',155,'RCD Mallorca','Real Madrid'),(756,'38','2022-12-30','2-1','Temporada 2',156,'Real Betis','Celta de Vigo'),(757,'38','2022-12-30','1-2','Temporada 2',157,'Atlético de Madrid','Girona'),(758,'38','2022-12-30','0-0','Temporada 2',158,'SD Eibar','CA Osasuna'),(759,'38','2022-12-30','1-0','Temporada 2',159,'Athletic Club','Sevilla FC'),(760,'38','2022-12-30','0-1','Temporada 2',160,'FC Barcelona','RCD Espanyol'),(761,'1','2022-01-01','1-1','Temporada 3',161,'SD Eibar','Rayo Vallecano'),(762,'1','2022-01-01','0-2','Temporada 3',162,'Sevilla FC','Valencia CF'),(763,'1','2022-01-01','2-0','Temporada 3',163,'Real Sociedad','Girona'),(764,'1','2022-01-01','2-1','Temporada 3',164,'RCD Espanyol','RCD Mallorca'),(765,'1','2022-01-01','1-2','Temporada 3',165,'Athletic Club','Real Sociedad'),(766,'1','2022-01-01','0-0','Temporada 3',166,'Celta de Vigo','CA Osasuna'),(767,'1','2022-01-01','1-0','Temporada 3',167,'Villarreal CF','Real Betis'),(768,'1','2022-01-01','0-1','Temporada 3',168,'Getafe CF','FC Barcelona'),(769,'1','2022-01-01','1-1','Temporada 3',169,'Levante UD','Deportivo Alavés'),(770,'1','2022-01-01','0-2','Temporada 3',170,'Atlético de Madrid','Granada CF'),(771,'2','2022-01-10','2-0','Temporada 3',171,'RCD Mallorca','Villarreal CF'),(772,'2','2022-01-10','2-1','Temporada 3',172,'Valencia CF','RCD Espanyol'),(773,'2','2022-01-10','1-2','Temporada 3',173,'Real Sociedad','Celta de Vigo'),(774,'2','2022-01-10','0-0','Temporada 3',174,'SD Eibar','Real Madrid'),(775,'2','2022-01-10','1-0','Temporada 3',175,'CA Osasuna','Athletic Club'),(776,'2','2022-01-10','0-1','Temporada 3',176,'Girona','Getafe CF'),(777,'2','2022-01-10','1-1','Temporada 3',177,'FC Barcelona','Levante UD'),(778,'2','2022-01-10','0-2','Temporada 3',178,'Real Betis','Atlético de Madrid'),(779,'2','2022-01-10','2-0','Temporada 3',179,'Deportivo Alavés','Sevilla FC'),(780,'2','2022-01-10','2-1','Temporada 3',180,'Granada CF','Rayo Vallecano'),(781,'3','2022-01-20','1-2','Temporada 3',181,'RCD Espanyol','Real Sociedad'),(782,'3','2022-01-20','0-0','Temporada 3',182,'Celta de Vigo','Real Madrid'),(783,'3','2022-01-20','1-0','Temporada 3',183,'Levante UD','SD Eibar'),(784,'3','2022-01-20','0-1','Temporada 3',184,'Granada CF','RCD Mallorca'),(785,'3','2022-01-20','1-1','Temporada 3',185,'Sevilla FC','Girona'),(786,'3','2022-01-20','0-2','Temporada 3',186,'Villarreal CF','FC Barcelona'),(787,'3','2022-01-20','2-0','Temporada 3',187,'Valencia CF','CA Osasuna'),(788,'3','2022-01-20','2-1','Temporada 3',188,'Athletic Club','Real Betis'),(789,'3','2022-01-20','1-2','Temporada 3',189,'Getafe CF','Deportivo Alavés'),(790,'3','2022-01-20','0-0','Temporada 3',190,'Rayo Vallecano','Atlético de Madrid'),(791,'4','2022-02-02','1-0','Temporada 3',191,'Levante UD','Villarreal CF'),(792,'4','2022-02-02','0-1','Temporada 3',192,'SD Eibar','Celta de Vigo'),(793,'4','2022-02-02','0-0','Temporada 3',193,'Real Sociedad','Granada CF'),(794,'4','2022-02-02','1-0','Temporada 3',194,'Real Madrid','Getafe CF'),(795,'4','2022-02-02','0-1','Temporada 3',195,'Deportivo Alavés','Valencia CF'),(796,'4','2022-02-02','1-1','Temporada 3',196,'Real Betis','Rayo Vallecano'),(797,'4','2022-02-02','0-2','Temporada 3',197,'Girona','RCD Espanyol'),(798,'4','2022-02-02','2-0','Temporada 3',198,'RCD Mallorca','Athletic Club'),(799,'4','2022-02-02','2-1','Temporada 3',199,'CA Osasuna','FC Barcelona'),(800,'4','2022-02-02','1-2','Temporada 3',200,'Atlético de Madrid','Sevilla FC'),(801,'5','2022-02-12','0-0','Temporada 3',1,'Rayo Vallecano','Deportivo Alavés'),(802,'5','2022-02-12','1-0','Temporada 3',2,'Athletic Club','Levante UD'),(803,'5','2022-02-12','0-1','Temporada 3',3,'Valencia CF','Atlético de Madrid'),(804,'5','2022-02-12','1-1','Temporada 3',4,'Celta de Vigo','RCD Mallorca'),(805,'5','2022-02-12','0-2','Temporada 3',5,'FC Barcelona','Real Betis'),(806,'5','2022-02-12','2-0','Temporada 3',6,'Getafe CF','CA Osasuna'),(807,'5','2022-02-12','2-1','Temporada 3',7,'Villarreal CF','SD Eibar'),(808,'5','2022-02-12','1-2','Temporada 3',8,'Sevilla FC','RCD Espanyol'),(809,'5','2022-02-12','0-0','Temporada 3',9,'Real Madrid','Real Sociedad'),(810,'5','2022-02-12','1-0','Temporada 3',10,'Granada CF','Girona'),(811,'6','2022-02-22','0-1','Temporada 3',11,'Deportivo Alavés','Athletic Club'),(812,'6','2022-02-22','1-1','Temporada 3',12,'Girona','RCD Mallorca'),(813,'6','2022-02-22','0-2','Temporada 3',13,'CA Osasuna','Sevilla FC'),(814,'6','2022-02-22','2-0','Temporada 3',14,'FC Barcelona','Celta de Vigo'),(815,'6','2022-02-22','2-1','Temporada 3',15,'SD Eibar','Valencia CF'),(816,'6','2022-02-22','1-2','Temporada 3',16,'Real Sociedad','Getafe CF'),(817,'6','2022-02-22','0-0','Temporada 3',17,'Rayo Vallecano','Villarreal CF'),(818,'6','2022-02-22','1-0','Temporada 3',18,'Real Betis','Levante UD'),(819,'6','2022-02-22','0-1','Temporada 3',19,'RCD Espanyol','Granada CF'),(820,'6','2022-02-22','1-1','Temporada 3',20,'Atlético de Madrid','Real Madrid'),(821,'7','2022-03-01','0-2','Temporada 3',21,'Sevilla FC','SD Eibar'),(822,'7','2022-03-01','2-0','Temporada 3',22,'RCD Mallorca','FC Barcelona'),(823,'7','2022-03-01','2-1','Temporada 3',23,'Athletic Club','Getafe CF'),(824,'7','2022-03-01','1-2','Temporada 3',24,'Real Madrid','RCD Espanyol'),(825,'7','2022-03-01','0-0','Temporada 3',25,'Villarreal CF','Girona'),(826,'7','2022-03-01','1-0','Temporada 3',26,'Valencia CF','Real Sociedad'),(827,'7','2022-03-01','0-1','Temporada 3',27,'Levante UD','Rayo Vallecano'),(828,'7','2022-03-01','1-1','Temporada 3',28,'Celta de Vigo','Deportivo Alavés'),(829,'7','2022-03-01','0-2','Temporada 3',29,'Granada CF','Real Betis'),(830,'7','2022-03-01','2-0','Temporada 3',30,'CA Osasuna','Atlético de Madrid'),(831,'8','2022-03-11','2-1','Temporada 3',31,'FC Barcelona','Sevilla FC'),(832,'8','2022-03-11','1-2','Temporada 3',32,'Getafe CF','Villarreal CF'),(833,'8','2022-03-11','0-0','Temporada 3',33,'Rayo Vallecano','RCD Mallorca'),(834,'8','2022-03-11','1-0','Temporada 3',34,'Girona','Real Madrid'),(835,'8','2022-03-11','0-1','Temporada 3',35,'Real Sociedad','Athletic Club'),(836,'8','2022-03-11','1-1','Temporada 3',36,'SD Eibar','Granada CF'),(837,'8','2022-03-11','0-2','Temporada 3',37,'Deportivo Alavés','CA Osasuna'),(838,'8','2022-03-11','2-0','Temporada 3',38,'Real Betis','Valencia CF'),(839,'8','2022-03-11','2-1','Temporada 3',39,'Atlético de Madrid','Levante UD'),(840,'8','2022-03-11','1-2','Temporada 3',40,'RCD Espanyol','Celta de Vigo'),(841,'9','2022-03-21','0-0','Temporada 3',41,'Athletic Club','SD Eibar'),(842,'9','2022-03-21','1-0','Temporada 3',42,'Levante UD','Girona'),(843,'9','2022-03-21','0-1','Temporada 3',43,'Real Madrid','CA Osasuna'),(844,'9','2022-03-21','1-1','Temporada 3',44,'RCD Mallorca','Valencia CF'),(845,'9','2022-03-21','0-2','Temporada 3',45,'Sevilla FC','Rayo Vallecano'),(846,'9','2022-03-21','2-0','Temporada 3',46,'Villarreal CF','RCD Espanyol'),(847,'9','2022-03-21','2-1','Temporada 3',47,'Atlético de Madrid','Real Sociedad'),(848,'9','2022-03-21','1-2','Temporada 3',48,'Deportivo Alavés','Real Betis'),(849,'9','2022-03-21','0-0','Temporada 3',49,'Celta de Vigo','Getafe CF'),(850,'9','2022-03-21','1-0','Temporada 3',50,'Granada CF','FC Barcelona'),(851,'10','2022-04-02','0-1','Temporada 3',51,'CA Osasuna','Granada CF'),(852,'10','2022-04-02','1-1','Temporada 3',52,'Real Sociedad','RCD Mallorca'),(853,'10','2022-04-02','0-2','Temporada 3',53,'Getafe CF','Real Betis'),(854,'10','2022-04-02','2-0','Temporada 3',54,'Sevilla FC','Real Madrid'),(855,'10','2022-04-02','2-1','Temporada 3',55,'Celta de Vigo','Atlético de Madrid'),(856,'10','2022-04-02','1-2','Temporada 3',56,'RCD Espanyol','Rayo Vallecano'),(857,'10','2022-04-02','0-0','Temporada 3',57,'Girona','SD Eibar'),(858,'10','2022-04-02','1-0','Temporada 3',58,'Villarreal CF','Deportivo Alavés'),(859,'10','2022-04-02','0-1','Temporada 3',59,'FC Barcelona','Athletic Club'),(860,'10','2022-04-02','1-1','Temporada 3',60,'Valencia CF','Levante UD'),(861,'11','2022-04-12','0-2','Temporada 3',61,'Girona','Celta de Vigo'),(862,'11','2022-04-12','2-0','Temporada 3',62,'SD Eibar','RCD Espanyol'),(863,'11','2022-04-12','2-1','Temporada 3',63,'FC Barcelona','Real Madrid'),(864,'11','2022-04-12','1-2','Temporada 3',64,'RCD Mallorca','Getafe CF'),(865,'11','2022-04-12','0-0','Temporada 3',65,'Levante UD','Sevilla FC'),(866,'11','2022-04-12','1-0','Temporada 3',66,'Real Betis','CA Osasuna'),(867,'11','2022-04-12','0-1','Temporada 3',67,'Rayo Vallecano','Real Sociedad'),(868,'11','2022-04-12','1-1','Temporada 3',68,'Athletic Club','Valencia CF'),(869,'11','2022-04-12','0-2','Temporada 3',69,'Atlético de Madrid','Deportivo Alavés'),(870,'11','2022-04-12','2-0','Temporada 3',70,'Granada CF','Villarreal CF'),(871,'12','2022-04-22','2-1','Temporada 3',71,'RCD Espanyol','Atlético de Madrid'),(872,'12','2022-04-22','1-2','Temporada 3',72,'CA Osasuna','Girona'),(873,'12','2022-04-22','0-0','Temporada 3',73,'Real Betis','RCD Mallorca'),(874,'12','2022-04-22','1-0','Temporada 3',74,'Celta de Vigo','Sevilla FC'),(875,'12','2022-04-22','0-1','Temporada 3',75,'Real Sociedad','FC Barcelona'),(876,'12','2022-04-22','1-1','Temporada 3',76,'Deportivo Alavés','SD Eibar'),(877,'12','2022-04-22','0-2','Temporada 3',77,'Valencia CF','Granada CF'),(878,'12','2022-04-22','2-0','Temporada 3',78,'Villarreal CF','Athletic Club'),(879,'12','2022-04-22','2-1','Temporada 3',79,'Real Madrid','Rayo Vallecano'),(880,'12','2022-04-22','1-2','Temporada 3',80,'Getafe CF','Levante UD'),(881,'13','2022-05-04','0-0','Temporada 3',81,'Athletic Club','Celta de Vigo'),(882,'13','2022-05-04','1-0','Temporada 3',82,'Rayo Vallecano','Girona'),(883,'13','2022-05-04','0-1','Temporada 3',83,'SD Eibar','Real Sociedad'),(884,'13','2022-05-04','1-1','Temporada 3',84,'CA Osasuna','RCD Espanyol'),(885,'13','2022-05-04','0-2','Temporada 3',85,'Granada CF','Getafe CF'),(886,'13','2022-05-04','2-0','Temporada 3',86,'Real Madrid','Valencia CF'),(887,'13','2022-05-04','2-1','Temporada 3',87,'FC Barcelona','Deportivo Alavés'),(888,'13','2022-05-04','1-2','Temporada 3',88,'Sevilla FC','Real Betis'),(889,'13','2022-05-04','0-0','Temporada 3',89,'Atlético de Madrid','Villarreal CF'),(890,'13','2022-05-04','1-0','Temporada 3',90,'RCD Mallorca','Levante UD'),(891,'14','2022-05-14','0-1','Temporada 3',91,'Deportivo Alavés','Granada CF'),(892,'14','2022-05-14','0-0','Temporada 3',92,'Rayo Vallecano','FC Barcelona'),(893,'14','2022-05-14','1-0','Temporada 3',93,'Valencia CF','Celta de Vigo'),(894,'14','2022-05-14','0-1','Temporada 3',94,'Getafe CF','SD Eibar'),(895,'14','2022-05-14','1-1','Temporada 3',95,'Atlético de Madrid','RCD Mallorca'),(896,'14','2022-05-14','0-2','Temporada 3',96,'Villarreal CF','CA Osasuna'),(897,'14','2022-05-14','2-0','Temporada 3',97,'Real Sociedad','Sevilla FC'),(898,'14','2022-05-14','2-1','Temporada 3',98,'Levante UD','Real Madrid'),(899,'14','2022-05-14','1-2','Temporada 3',99,'Real Betis','RCD Espanyol'),(900,'14','2022-05-14','0-0','Temporada 3',100,'Girona','Athletic Club'),(901,'15','2022-05-24','1-0','Temporada 3',101,'RCD Espanyol','Getafe CF'),(902,'15','2022-05-24','0-1','Temporada 3',102,'Girona','Valencia CF'),(903,'15','2022-05-24','1-1','Temporada 3',103,'Athletic Club','Rayo Vallecano'),(904,'15','2022-05-24','0-2','Temporada 3',104,'Real Madrid','Granada CF'),(905,'15','2022-05-24','2-0','Temporada 3',105,'CA Osasuna','Real Sociedad'),(906,'15','2022-05-24','2-1','Temporada 3',106,'RCD Mallorca','Deportivo Alavés'),(907,'15','2022-05-24','1-2','Temporada 3',107,'SD Eibar','Real Betis'),(908,'15','2022-05-24','0-0','Temporada 3',108,'Sevilla FC','Villarreal CF'),(909,'15','2022-05-24','1-0','Temporada 3',109,'FC Barcelona','Atlético de Madrid'),(910,'15','2022-05-24','0-1','Temporada 3',110,'Celta de Vigo','Levante UD'),(911,'16','2022-06-05','1-1','Temporada 3',111,'Getafe CF','Valencia CF'),(912,'16','2022-06-05','0-2','Temporada 3',112,'Deportivo Alavés','RCD Espanyol'),(913,'16','2022-06-05','2-0','Temporada 3',113,'Real Betis','Real Madrid'),(914,'16','2022-06-05','2-1','Temporada 3',114,'Villarreal CF','Real Sociedad'),(915,'16','2022-06-05','1-2','Temporada 3',115,'RCD Mallorca','Sevilla FC'),(916,'16','2022-06-05','0-0','Temporada 3',116,'Atlético de Madrid','SD Eibar'),(917,'16','2022-06-05','1-0','Temporada 3',117,'Levante UD','CA Osasuna'),(918,'16','2022-06-05','0-1','Temporada 3',118,'FC Barcelona','Girona'),(919,'16','2022-06-05','1-1','Temporada 3',119,'Granada CF','Athletic Club'),(920,'16','2022-06-05','0-2','Temporada 3',120,'Rayo Vallecano','Celta de Vigo'),(921,'17','2022-06-15','2-0','Temporada 3',121,'CA Osasuna','Rayo Vallecano'),(922,'17','2022-06-15','2-1','Temporada 3',122,'Celta de Vigo','Granada CF'),(923,'17','2022-06-15','1-2','Temporada 3',123,'Athletic Club','Atlético de Madrid'),(924,'17','2022-06-15','0-0','Temporada 3',124,'Sevilla FC','Getafe CF'),(925,'17','2022-06-15','1-0','Temporada 3',125,'Valencia CF','FC Barcelona'),(926,'17','2022-06-15','0-1','Temporada 3',126,'SD Eibar','RCD Mallorca'),(927,'17','2022-06-15','1-1','Temporada 3',127,'Real Sociedad','Real Betis'),(928,'17','2022-06-15','0-2','Temporada 3',128,'RCD Espanyol','Levante UD'),(929,'17','2022-06-15','2-0','Temporada 3',129,'Real Madrid','Villarreal CF'),(930,'17','2022-06-15','2-1','Temporada 3',130,'Girona','Deportivo Alavés'),(931,'18','2022-06-25','1-2','Temporada 3',131,'Rayo Vallecano','Valencia CF'),(932,'18','2022-06-25','0-0','Temporada 3',132,'Granada CF','Sevilla FC'),(933,'18','2022-06-25','1-0','Temporada 3',133,'Atlético de Madrid','Getafe CF'),(934,'18','2022-06-25','0-1','Temporada 3',134,'FC Barcelona','SD Eibar'),(935,'18','2022-06-25','1-1','Temporada 3',135,'Athletic Club','RCD Espanyol'),(936,'18','2022-06-25','0-2','Temporada 3',136,'Villarreal CF','Celta de Vigo'),(937,'18','2022-06-25','2-0','Temporada 3',137,'Real Betis','Girona'),(938,'18','2022-06-25','2-1','Temporada 3',138,'Levante UD','Real Sociedad'),(939,'18','2022-06-25','1-2','Temporada 3',139,'Deportivo Alavés','Real Madrid'),(940,'18','2022-06-25','0-0','Temporada 3',140,'RCD Mallorca','CA Osasuna'),(941,'19','2022-07-05','1-0','Temporada 3',141,'Getafe CF','Rayo Vallecano'),(942,'19','2022-07-05','0-1','Temporada 3',142,'Real Sociedad','Deportivo Alavés'),(943,'19','2022-07-05','1-1','Temporada 3',143,'Valencia CF','Villarreal CF'),(944,'19','2022-07-05','0-2','Temporada 3',144,'Granada CF','Levante UD'),(945,'19','2022-07-05','2-0','Temporada 3',145,'Real Madrid','RCD Mallorca'),(946,'19','2022-07-05','2-1','Temporada 3',146,'Celta de Vigo','Real Betis'),(947,'19','2022-07-05','1-2','Temporada 3',147,'Girona','Atlético de Madrid'),(948,'19','2022-07-05','0-0','Temporada 3',148,'CA Osasuna','SD Eibar'),(949,'19','2022-07-05','1-0','Temporada 3',149,'Sevilla FC','Athletic Club'),(950,'19','2022-07-05','0-1','Temporada 3',150,'RCD Espanyol','FC Barcelona'),(951,'20','2022-07-15','1-1','Temporada 3',151,'Rayo Vallecano','SD Eibar'),(952,'20','2022-07-15','0-2','Temporada 3',152,'Valencia CF','Sevilla FC'),(953,'20','2022-07-15','2-0','Temporada 3',153,'Girona','Real Sociedad'),(954,'20','2022-07-15','2-1','Temporada 3',154,'RCD Mallorca','RCD Espanyol'),(955,'20','2022-07-15','1-2','Temporada 3',155,'Real Sociedad','Athletic Club'),(956,'20','2022-07-15','0-0','Temporada 3',156,'CA Osasuna','Celta de Vigo'),(957,'20','2022-07-15','1-0','Temporada 3',157,'Real Betis','Villarreal CF'),(958,'20','2022-07-15','0-1','Temporada 3',158,'FC Barcelona','Getafe CF'),(959,'20','2022-07-15','1-1','Temporada 3',159,'Deportivo Alavés','Levante UD'),(960,'20','2022-07-15','0-2','Temporada 3',160,'Granada CF','Atlético de Madrid'),(961,'21','2022-07-25','2-0','Temporada 3',161,'Villarreal CF','RCD Mallorca'),(962,'21','2022-07-25','2-1','Temporada 3',162,'RCD Espanyol','Valencia CF'),(963,'21','2022-07-25','1-2','Temporada 3',163,'Celta de Vigo','Real Sociedad'),(964,'21','2022-07-25','0-0','Temporada 3',164,'Real Madrid','SD Eibar'),(965,'21','2022-07-25','1-0','Temporada 3',165,'Athletic Club','CA Osasuna'),(966,'21','2022-07-25','0-1','Temporada 3',166,'Getafe CF','Girona'),(967,'21','2022-07-25','1-1','Temporada 3',167,'Levante UD','FC Barcelona'),(968,'21','2022-07-25','0-2','Temporada 3',168,'Atlético de Madrid','Real Betis'),(969,'21','2022-07-25','2-0','Temporada 3',169,'Sevilla FC','Deportivo Alavés'),(970,'21','2022-07-25','2-1','Temporada 3',170,'Rayo Vallecano','Granada CF'),(971,'22','2022-08-05','1-2','Temporada 3',171,'Real Sociedad','RCD Espanyol'),(972,'22','2022-08-05','0-0','Temporada 3',172,'Real Madrid','Celta de Vigo'),(973,'22','2022-08-05','1-0','Temporada 3',173,'SD Eibar','Levante UD'),(974,'22','2022-08-05','0-1','Temporada 3',174,'RCD Mallorca','Granada CF'),(975,'22','2022-08-05','1-1','Temporada 3',175,'Girona','Sevilla FC'),(976,'22','2022-08-05','0-2','Temporada 3',176,'FC Barcelona','Villarreal CF'),(977,'22','2022-08-05','2-0','Temporada 3',177,'CA Osasuna','Valencia CF'),(978,'22','2022-08-05','2-1','Temporada 3',178,'Real Betis','Athletic Club'),(979,'22','2022-08-05','1-2','Temporada 3',179,'Deportivo Alavés','Getafe CF'),(980,'22','2022-08-05','0-0','Temporada 3',180,'Atlético de Madrid','Rayo Vallecano'),(981,'23','2022-08-15','1-0','Temporada 3',181,'Villarreal CF','Levante UD'),(982,'23','2022-08-15','0-1','Temporada 3',182,'Celta de Vigo','SD Eibar'),(983,'23','2022-08-15','1-1','Temporada 3',183,'Granada CF','Real Sociedad'),(984,'23','2022-08-15','0-2','Temporada 3',184,'Getafe CF','Real Madrid'),(985,'23','2022-08-15','2-0','Temporada 3',185,'Valencia CF','Deportivo Alavés'),(986,'23','2022-08-15','2-1','Temporada 3',186,'Rayo Vallecano','Real Betis'),(987,'23','2022-08-15','1-2','Temporada 3',187,'RCD Espanyol','Girona'),(988,'23','2022-08-15','0-0','Temporada 3',188,'Athletic Club','RCD Mallorca'),(989,'23','2022-08-15','1-0','Temporada 3',189,'FC Barcelona','CA Osasuna'),(990,'23','2022-08-15','0-1','Temporada 3',190,'Sevilla FC','Atlético de Madrid'),(991,'24','2022-08-25','0-0','Temporada 3',191,'Deportivo Alavés','Rayo Vallecano'),(992,'24','2022-08-25','1-0','Temporada 3',192,'Levante UD','Athletic Club'),(993,'24','2022-08-25','0-1','Temporada 3',193,'Atlético de Madrid','Valencia CF'),(994,'24','2022-08-25','1-1','Temporada 3',194,'RCD Mallorca','Celta de Vigo'),(995,'24','2022-08-25','0-2','Temporada 3',195,'Real Betis','FC Barcelona'),(996,'24','2022-08-25','2-0','Temporada 3',196,'CA Osasuna','Getafe CF'),(997,'24','2022-08-25','2-1','Temporada 3',197,'SD Eibar','Villarreal CF'),(998,'24','2022-08-25','1-2','Temporada 3',198,'RCD Espanyol','Sevilla FC'),(999,'24','2022-08-25','0-0','Temporada 3',199,'Real Sociedad','Real Madrid'),(1000,'24','2022-08-25','1-0','Temporada 3',200,'Girona','Granada CF'),(1001,'25','2022-09-06','0-1','Temporada 3',1,'Athletic Club','Deportivo Alavés'),(1002,'25','2022-09-06','1-1','Temporada 3',2,'RCD Mallorca','Girona'),(1003,'25','2022-09-06','0-2','Temporada 3',3,'Sevilla FC','CA Osasuna'),(1004,'25','2022-09-06','2-0','Temporada 3',4,'Celta de Vigo','FC Barcelona'),(1005,'25','2022-09-06','2-1','Temporada 3',5,'Valencia CF','SD Eibar'),(1006,'25','2022-09-06','1-2','Temporada 3',6,'Getafe CF','Real Sociedad'),(1007,'25','2022-09-06','0-0','Temporada 3',7,'Villarreal CF','Rayo Vallecano'),(1008,'25','2022-09-06','1-0','Temporada 3',8,'Levante UD','Real Betis'),(1009,'25','2022-09-06','0-1','Temporada 3',9,'Granada CF','RCD Espanyol'),(1010,'25','2022-09-06','1-1','Temporada 3',10,'Real Madrid','Atlético de Madrid'),(1011,'26','2022-09-16','0-2','Temporada 3',11,'SD Eibar','Sevilla FC'),(1012,'26','2022-09-16','2-0','Temporada 3',12,'FC Barcelona','RCD Mallorca'),(1013,'26','2022-09-16','2-1','Temporada 3',13,'Getafe CF','Athletic Club'),(1014,'26','2022-09-16','1-2','Temporada 3',14,'RCD Espanyol','Real Madrid'),(1015,'26','2022-09-16','0-0','Temporada 3',15,'Girona','Villarreal CF'),(1016,'26','2022-09-16','1-0','Temporada 3',16,'Real Sociedad','Valencia CF'),(1017,'26','2022-09-16','0-1','Temporada 3',17,'Rayo Vallecano','Levante UD'),(1018,'26','2022-09-16','1-1','Temporada 3',18,'Deportivo Alavés','Celta de Vigo'),(1019,'26','2022-09-16','0-2','Temporada 3',19,'Real Betis','Granada CF'),(1020,'26','2022-09-16','2-0','Temporada 3',20,'Atlético de Madrid','CA Osasuna'),(1021,'27','2022-09-26','2-1','Temporada 3',21,'Sevilla FC','FC Barcelona'),(1022,'27','2022-09-26','1-2','Temporada 3',22,'Villarreal CF','Getafe CF'),(1023,'27','2022-09-26','0-0','Temporada 3',23,'RCD Mallorca','Rayo Vallecano'),(1024,'27','2022-09-26','1-0','Temporada 3',24,'Real Madrid','Girona'),(1025,'27','2022-09-26','0-1','Temporada 3',25,'Athletic Club','Real Sociedad'),(1026,'27','2022-09-26','1-1','Temporada 3',26,'Granada CF','SD Eibar'),(1027,'27','2022-09-26','0-2','Temporada 3',27,'CA Osasuna','Deportivo Alavés'),(1028,'27','2022-09-26','2-0','Temporada 3',28,'Valencia CF','Real Betis'),(1029,'27','2022-09-26','2-1','Temporada 3',29,'Levante UD','Atlético de Madrid'),(1030,'27','2022-09-26','1-2','Temporada 3',30,'Celta de Vigo','RCD Espanyol'),(1031,'28','2022-10-06','0-0','Temporada 3',31,'SD Eibar','Athletic Club'),(1032,'28','2022-10-06','1-0','Temporada 3',32,'Girona','Levante UD'),(1033,'28','2022-10-06','0-1','Temporada 3',33,'CA Osasuna','Real Madrid'),(1034,'28','2022-10-06','1-1','Temporada 3',34,'Valencia CF','RCD Mallorca'),(1035,'28','2022-10-06','0-2','Temporada 3',35,'Rayo Vallecano','Sevilla FC'),(1036,'28','2022-10-06','2-0','Temporada 3',36,'RCD Espanyol','Villarreal CF'),(1037,'28','2022-10-06','2-1','Temporada 3',37,'Real Sociedad','Atlético de Madrid'),(1038,'28','2022-10-06','1-2','Temporada 3',38,'Real Betis','Deportivo Alavés'),(1039,'28','2022-10-06','0-0','Temporada 3',39,'Getafe CF','Celta de Vigo'),(1040,'28','2022-10-06','1-0','Temporada 3',40,'FC Barcelona','Granada CF'),(1041,'29','2022-10-16','0-1','Temporada 3',41,'Granada CF','CA Osasuna'),(1042,'29','2022-10-16','1-1','Temporada 3',42,'RCD Mallorca','Real Sociedad'),(1043,'29','2022-10-16','0-2','Temporada 3',43,'Real Betis','Getafe CF'),(1044,'29','2022-10-16','2-0','Temporada 3',44,'Real Madrid','Sevilla FC'),(1045,'29','2022-10-16','2-1','Temporada 3',45,'Atlético de Madrid','Celta de Vigo'),(1046,'29','2022-10-16','1-2','Temporada 3',46,'Rayo Vallecano','RCD Espanyol'),(1047,'29','2022-10-16','0-0','Temporada 3',47,'SD Eibar','Girona'),(1048,'29','2022-10-16','1-0','Temporada 3',48,'Deportivo Alavés','Villarreal CF'),(1049,'29','2022-10-16','0-1','Temporada 3',49,'Athletic Club','FC Barcelona'),(1050,'29','2022-10-16','1-1','Temporada 3',50,'Levante UD','Valencia CF'),(1051,'30','2022-10-26','0-2','Temporada 3',51,'Celta de Vigo','Girona'),(1052,'30','2022-10-26','2-0','Temporada 3',52,'RCD Espanyol','SD Eibar'),(1053,'30','2022-10-26','2-1','Temporada 3',53,'Real Madrid','FC Barcelona'),(1054,'30','2022-10-26','1-2','Temporada 3',54,'Getafe CF','RCD Mallorca'),(1055,'30','2022-10-26','0-0','Temporada 3',55,'Sevilla FC','Levante UD'),(1056,'30','2022-10-26','1-0','Temporada 3',56,'CA Osasuna','Real Betis'),(1057,'30','2022-10-26','0-1','Temporada 3',57,'Real Sociedad','Rayo Vallecano'),(1058,'30','2022-10-26','1-1','Temporada 3',58,'Valencia CF','Athletic Club'),(1059,'30','2022-10-26','0-2','Temporada 3',59,'Deportivo Alavés','Atlético de Madrid'),(1060,'30','2022-10-26','2-0','Temporada 3',60,'Villarreal CF','Granada CF'),(1061,'31','2022-11-02','2-1','Temporada 3',61,'Atlético de Madrid','RCD Espanyol'),(1062,'31','2022-11-02','1-2','Temporada 3',62,'Girona','CA Osasuna'),(1063,'31','2022-11-02','0-0','Temporada 3',63,'RCD Mallorca','Real Betis'),(1064,'31','2022-11-02','1-0','Temporada 3',64,'Sevilla FC','Celta de Vigo'),(1065,'31','2022-11-02','0-1','Temporada 3',65,'FC Barcelona','Real Sociedad'),(1066,'31','2022-11-02','1-1','Temporada 3',66,'SD Eibar','Deportivo Alavés'),(1067,'31','2022-11-02','0-2','Temporada 3',67,'Granada CF','Valencia CF'),(1068,'31','2022-11-02','2-0','Temporada 3',68,'Athletic Club','Villarreal CF'),(1069,'31','2022-11-02','2-1','Temporada 3',69,'Rayo Vallecano','Real Madrid'),(1070,'31','2022-11-02','1-2','Temporada 3',70,'Levante UD','Getafe CF'),(1071,'32','2022-11-12','0-0','Temporada 3',71,'Celta de Vigo','Athletic Club'),(1072,'32','2022-11-12','1-0','Temporada 3',72,'Girona','Rayo Vallecano'),(1073,'32','2022-11-12','0-1','Temporada 3',73,'Real Sociedad','SD Eibar'),(1074,'32','2022-11-12','1-1','Temporada 3',74,'RCD Espanyol','CA Osasuna'),(1075,'32','2022-11-12','0-2','Temporada 3',75,'Getafe CF','Granada CF'),(1076,'32','2022-11-12','2-0','Temporada 3',76,'Valencia CF','Real Madrid'),(1077,'32','2022-11-12','2-1','Temporada 3',77,'Deportivo Alavés','FC Barcelona'),(1078,'32','2022-11-12','1-2','Temporada 3',78,'Real Betis','Sevilla FC'),(1079,'32','2022-11-12','0-0','Temporada 3',79,'Villarreal CF','Atlético de Madrid'),(1080,'32','2022-11-12','1-0','Temporada 3',80,'Levante UD','RCD Mallorca'),(1081,'33','2022-11-22','0-1','Temporada 3',81,'Granada CF','Deportivo Alavés'),(1082,'33','2022-11-22','1-1','Temporada 3',82,'FC Barcelona','Rayo Vallecano'),(1083,'33','2022-11-22','0-2','Temporada 3',83,'Celta de Vigo','Valencia CF'),(1084,'33','2022-11-22','2-0','Temporada 3',84,'SD Eibar','Getafe CF'),(1085,'33','2022-11-22','2-1','Temporada 3',85,'RCD Mallorca','Atlético de Madrid'),(1086,'33','2022-11-22','1-2','Temporada 3',86,'CA Osasuna','Villarreal CF'),(1087,'33','2022-11-22','0-0','Temporada 3',87,'Sevilla FC','Real Sociedad'),(1088,'33','2022-11-22','1-0','Temporada 3',88,'Real Madrid','Levante UD'),(1089,'33','2022-11-22','0-1','Temporada 3',89,'RCD Espanyol','Real Betis'),(1090,'33','2022-11-22','0-0','Temporada 3',90,'Athletic Club','Girona'),(1091,'34','2022-12-04','1-0','Temporada 3',91,'Getafe CF','RCD Espanyol'),(1092,'34','2022-12-04','0-1','Temporada 3',92,'Valencia CF','Girona'),(1093,'34','2022-12-04','1-1','Temporada 3',93,'Rayo Vallecano','Athletic Club'),(1094,'34','2022-12-04','0-2','Temporada 3',94,'Granada CF','Real Madrid'),(1095,'34','2022-12-04','2-0','Temporada 3',95,'Real Sociedad','CA Osasuna'),(1096,'34','2022-12-04','2-1','Temporada 3',96,'Deportivo Alavés','RCD Mallorca'),(1097,'34','2022-12-04','1-2','Temporada 3',97,'Real Betis','SD Eibar'),(1098,'34','2022-12-04','0-0','Temporada 3',98,'Villarreal CF','Sevilla FC'),(1099,'34','2022-12-04','1-0','Temporada 3',99,'Atlético de Madrid','FC Barcelona'),(1100,'34','2022-12-04','0-1','Temporada 3',100,'Levante UD','Celta de Vigo'),(1101,'35','2022-12-14','1-1','Temporada 3',101,'Valencia CF','Getafe CF'),(1102,'35','2022-12-14','0-2','Temporada 3',102,'RCD Espanyol','Deportivo Alavés'),(1103,'35','2022-12-14','2-0','Temporada 3',103,'Real Madrid','Real Betis'),(1104,'35','2022-12-14','2-1','Temporada 3',104,'Real Sociedad','Villarreal CF'),(1105,'35','2022-12-14','1-2','Temporada 3',105,'Sevilla FC','RCD Mallorca'),(1106,'35','2022-12-14','0-0','Temporada 3',106,'SD Eibar','Atlético de Madrid'),(1107,'35','2022-12-14','1-0','Temporada 3',107,'CA Osasuna','Levante UD'),(1108,'35','2022-12-14','0-1','Temporada 3',108,'Girona','FC Barcelona'),(1109,'35','2022-12-14','1-1','Temporada 3',109,'Athletic Club','Granada CF'),(1110,'35','2022-12-14','0-2','Temporada 3',110,'Celta de Vigo','Rayo Vallecano'),(1111,'36','2022-12-24','2-0','Temporada 3',111,'Rayo Vallecano','CA Osasuna'),(1112,'36','2022-12-24','2-1','Temporada 3',112,'Granada CF','Celta de Vigo'),(1113,'36','2022-12-24','1-2','Temporada 3',113,'Atlético de Madrid','Athletic Club'),(1114,'36','2022-12-24','0-0','Temporada 3',114,'Getafe CF','Sevilla FC'),(1115,'36','2022-12-24','1-0','Temporada 3',115,'FC Barcelona','Valencia CF'),(1116,'36','2022-12-24','0-1','Temporada 3',116,'RCD Mallorca','SD Eibar'),(1117,'36','2022-12-24','1-1','Temporada 3',117,'Real Betis','Real Sociedad'),(1118,'36','2022-12-24','0-2','Temporada 3',118,'Levante UD','RCD Espanyol'),(1119,'36','2022-12-24','2-0','Temporada 3',119,'Villarreal CF','Real Madrid'),(1120,'36','2022-12-24','2-1','Temporada 3',120,'Deportivo Alavés','Girona'),(1121,'37','2022-12-27','1-2','Temporada 3',121,'Valencia CF','Rayo Vallecano'),(1122,'37','2022-12-27','0-0','Temporada 3',122,'Sevilla FC','Granada CF'),(1123,'37','2022-12-27','1-0','Temporada 3',123,'Getafe CF','Atlético de Madrid'),(1124,'37','2022-12-27','0-1','Temporada 3',124,'SD Eibar','FC Barcelona'),(1125,'37','2022-12-27','1-1','Temporada 3',125,'RCD Espanyol','Athletic Club'),(1126,'37','2022-12-27','0-2','Temporada 3',126,'Celta de Vigo','Villarreal CF'),(1127,'37','2022-12-27','2-0','Temporada 3',127,'Girona','Real Betis'),(1128,'37','2022-12-27','2-1','Temporada 3',128,'Real Sociedad','Levante UD'),(1129,'37','2022-12-27','1-2','Temporada 3',129,'Real Madrid','Deportivo Alavés'),(1130,'37','2022-12-27','0-0','Temporada 3',130,'CA Osasuna','RCD Mallorca'),(1131,'38','2022-12-30','1-0','Temporada 3',131,'Rayo Vallecano','Getafe CF'),(1132,'38','2022-12-30','0-1','Temporada 3',132,'Deportivo Alavés','Real Sociedad'),(1133,'38','2022-12-30','1-1','Temporada 3',133,'Villarreal CF','Valencia CF'),(1134,'38','2022-12-30','0-2','Temporada 3',134,'Levante UD','Granada CF'),(1135,'38','2022-12-30','2-0','Temporada 3',135,'RCD Mallorca','Real Madrid'),(1136,'38','2022-12-30','2-1','Temporada 3',136,'Real Betis','Celta de Vigo'),(1137,'38','2022-12-30','1-2','Temporada 3',137,'Atlético de Madrid','Girona'),(1138,'38','2022-12-30','0-0','Temporada 3',138,'SD Eibar','CA Osasuna'),(1139,'38','2022-12-30','1-0','Temporada 3',139,'Athletic Club','Sevilla FC'),(1140,'38','2022-12-30','0-1','Temporada 3',140,'FC Barcelona','RCD Espanyol');
/*!40000 ALTER TABLE `partido` ENABLE KEYS */;
UNLOCK TABLES;

--
-- Table structure for table `registro`
--

DROP TABLE IF EXISTS `registro`;
/*!40101 SET @saved_cs_client     = @@character_set_client */;
/*!50503 SET character_set_client = utf8mb4 */;
CREATE TABLE `registro` (
  `forma` varchar(25) NOT NULL,
  PRIMARY KEY (`forma`)
) ENGINE=InnoDB DEFAULT CHARSET=utf8mb4 COLLATE=utf8mb4_general_ci;
/*!40101 SET character_set_client = @saved_cs_client */;

--
-- Dumping data for table `registro`
--

LOCK TABLES `registro` WRITE;
/*!40000 ALTER TABLE `registro` DISABLE KEYS */;
INSERT INTO `registro` VALUES ('insertado correctamente');
/*!40000 ALTER TABLE `registro` ENABLE KEYS */;
UNLOCK TABLES;

--
-- Table structure for table `temporada`
--

DROP TABLE IF EXISTS `temporada`;
/*!40101 SET @saved_cs_client     = @@character_set_client */;
/*!50503 SET character_set_client = utf8mb4 */;
CREATE TABLE `temporada` (
  `nombre_temporada` varchar(15) NOT NULL,
  `fecha_inicio` date DEFAULT NULL,
  `fecha_fin` date DEFAULT NULL,
  PRIMARY KEY (`nombre_temporada`)
) ENGINE=InnoDB DEFAULT CHARSET=utf8 COLLATE=utf8_general_ci;
/*!40101 SET character_set_client = @saved_cs_client */;

--
-- Dumping data for table `temporada`
--

LOCK TABLES `temporada` WRITE;
/*!40000 ALTER TABLE `temporada` DISABLE KEYS */;
INSERT INTO `temporada` VALUES ('Temporada 1','2022-01-01','2022-12-31'),('Temporada 2','2023-01-01','2023-12-31'),('Temporada 3','2024-01-01','2024-12-31');
/*!40000 ALTER TABLE `temporada` ENABLE KEYS */;
UNLOCK TABLES;

--
-- Dumping routines for database 'mydb'
--
/*!50003 DROP FUNCTION IF EXISTS `edadMediaEquipo` */;
/*!50003 SET @saved_cs_client      = @@character_set_client */ ;
/*!50003 SET @saved_cs_results     = @@character_set_results */ ;
/*!50003 SET @saved_col_connection = @@collation_connection */ ;
/*!50003 SET character_set_client  = utf8mb4 */ ;
/*!50003 SET character_set_results = utf8mb4 */ ;
/*!50003 SET collation_connection  = utf8mb4_general_ci */ ;
/*!50003 SET @saved_sql_mode       = @@sql_mode */ ;
/*!50003 SET sql_mode              = 'STRICT_TRANS_TABLES,NO_ZERO_IN_DATE,NO_ZERO_DATE,NO_ENGINE_SUBSTITUTION' */ ;
DELIMITER ;;
CREATE DEFINER=`root`@`localhost` FUNCTION `edadMediaEquipo`(nombre_equipo varchar(25)) RETURNS decimal(10,2)
begin

    declare edad_total decimal(10, 2);

    declare cantidad_jugadores int;

    

    select sum(year(curdate()) - year(fecha_nacimiento)) into edad_total

    from jugador

    where dni in (select jugador_dni from fichajes where equipo_nombre_equipo = nombre_equipo);

    

    select count(*) into cantidad_jugadores

    from fichajes

    where equipo_nombre_equipo = nombre_equipo;

    

    return edad_total / cantidad_jugadores;

end ;;
DELIMITER ;
/*!50003 SET sql_mode              = @saved_sql_mode */ ;
/*!50003 SET character_set_client  = @saved_cs_client */ ;
/*!50003 SET character_set_results = @saved_cs_results */ ;
/*!50003 SET collation_connection  = @saved_col_connection */ ;
/*!50003 DROP FUNCTION IF EXISTS `numeroPartidosArbitrados` */;
/*!50003 SET @saved_cs_client      = @@character_set_client */ ;
/*!50003 SET @saved_cs_results     = @@character_set_results */ ;
/*!50003 SET @saved_col_connection = @@collation_connection */ ;
/*!50003 SET character_set_client  = utf8mb4 */ ;
/*!50003 SET character_set_results = utf8mb4 */ ;
/*!50003 SET collation_connection  = utf8mb4_general_ci */ ;
/*!50003 SET @saved_sql_mode       = @@sql_mode */ ;
/*!50003 SET sql_mode              = 'STRICT_TRANS_TABLES,NO_ZERO_IN_DATE,NO_ZERO_DATE,NO_ENGINE_SUBSTITUTION' */ ;
DELIMITER ;;
CREATE DEFINER=`root`@`localhost` FUNCTION `numeroPartidosArbitrados`(arbitro_id int) RETURNS int(11)
begin

    declare num_partidos int;

    

    select count(*) into num_partidos

    from arbitro

    where id_arbitro = arbitro_id;

    

    if num_partidos > 0 then

        select count(*)

        into num_partidos

        from partido

        where arbitro_id_arbitro = arbitro_id;

        return num_partidos;

    else

        return null; 

    end if;

end ;;
DELIMITER ;
/*!50003 SET sql_mode              = @saved_sql_mode */ ;
/*!50003 SET character_set_client  = @saved_cs_client */ ;
/*!50003 SET character_set_results = @saved_cs_results */ ;
/*!50003 SET collation_connection  = @saved_col_connection */ ;
/*!50003 DROP PROCEDURE IF EXISTS `calcularEdadMediaEquipoEnEstadio` */;
/*!50003 SET @saved_cs_client      = @@character_set_client */ ;
/*!50003 SET @saved_cs_results     = @@character_set_results */ ;
/*!50003 SET @saved_col_connection = @@collation_connection */ ;
/*!50003 SET character_set_client  = utf8mb4 */ ;
/*!50003 SET character_set_results = utf8mb4 */ ;
/*!50003 SET collation_connection  = utf8mb4_general_ci */ ;
/*!50003 SET @saved_sql_mode       = @@sql_mode */ ;
/*!50003 SET sql_mode              = 'STRICT_TRANS_TABLES,NO_ZERO_IN_DATE,NO_ZERO_DATE,NO_ENGINE_SUBSTITUTION' */ ;
DELIMITER ;;
CREATE DEFINER=`root`@`localhost` PROCEDURE `calcularEdadMediaEquipoEnEstadio`(in nombre_estadio varchar(20))
begin

    declare nombre_equipo_en_estadio varchar(25);

    declare edad_media decimal(10, 2);

    

    select equipo_nombre_equipo into nombre_equipo_en_estadio

    from juegan

    where estadio_nombre_estadio = nombre_estadio;

    

    set edad_media = edadmediaequipo(nombre_equipo_en_estadio);



    select concat('La edad media de los jugadores del equipo que juega en el estadio ', nombre_estadio,' es: ', edad_media, ' años') as resultado;

end ;;
DELIMITER ;
/*!50003 SET sql_mode              = @saved_sql_mode */ ;
/*!50003 SET character_set_client  = @saved_cs_client */ ;
/*!50003 SET character_set_results = @saved_cs_results */ ;
/*!50003 SET collation_connection  = @saved_col_connection */ ;
/*!50003 DROP PROCEDURE IF EXISTS `consultarEquipos` */;
/*!50003 SET @saved_cs_client      = @@character_set_client */ ;
/*!50003 SET @saved_cs_results     = @@character_set_results */ ;
/*!50003 SET @saved_col_connection = @@collation_connection */ ;
/*!50003 SET character_set_client  = utf8mb4 */ ;
/*!50003 SET character_set_results = utf8mb4 */ ;
/*!50003 SET collation_connection  = utf8mb4_general_ci */ ;
/*!50003 SET @saved_sql_mode       = @@sql_mode */ ;
/*!50003 SET sql_mode              = 'STRICT_TRANS_TABLES,NO_ZERO_IN_DATE,NO_ZERO_DATE,NO_ENGINE_SUBSTITUTION' */ ;
DELIMITER ;;
CREATE DEFINER=`root`@`localhost` PROCEDURE `consultarEquipos`()
begin

    select 

        equipo.nombre_equipo,

        equipo.entrenador,

        count(jugador.dni) as cantidad_jugadores

    from 

        equipo

    left join 

        fichajes on equipo.nombre_equipo = fichajes.equipo_nombre_equipo

    left join 

        jugador on fichajes.jugador_dni = jugador.dni

    group by 

        equipo.nombre_equipo, equipo.entrenador;

end ;;
DELIMITER ;
/*!50003 SET sql_mode              = @saved_sql_mode */ ;
/*!50003 SET character_set_client  = @saved_cs_client */ ;
/*!50003 SET character_set_results = @saved_cs_results */ ;
/*!50003 SET collation_connection  = @saved_col_connection */ ;
/*!50003 DROP PROCEDURE IF EXISTS `mostrarEstadios` */;
/*!50003 SET @saved_cs_client      = @@character_set_client */ ;
/*!50003 SET @saved_cs_results     = @@character_set_results */ ;
/*!50003 SET @saved_col_connection = @@collation_connection */ ;
/*!50003 SET character_set_client  = utf8mb4 */ ;
/*!50003 SET character_set_results = utf8mb4 */ ;
/*!50003 SET collation_connection  = utf8mb4_general_ci */ ;
/*!50003 SET @saved_sql_mode       = @@sql_mode */ ;
/*!50003 SET sql_mode              = 'STRICT_TRANS_TABLES,NO_ZERO_IN_DATE,NO_ZERO_DATE,NO_ENGINE_SUBSTITUTION' */ ;
DELIMITER ;;
CREATE DEFINER=`root`@`localhost` PROCEDURE `mostrarEstadios`()
begin

    declare done int default false;

    declare estadio_nombre varchar(55);



    declare estadios_cursor cursor for 

        select nombre_estadio from estadio limit 5;



    declare continue handler for not found set done = true;



    open estadios_cursor;



    mostrar_loop: loop

        fetch estadios_cursor into estadio_nombre;



        if done then

            leave mostrar_loop;

        end if;



        select concat('Estadio: ', estadio_nombre) as mensaje;

    end loop;



    close estadios_cursor;

end ;;
DELIMITER ;
/*!50003 SET sql_mode              = @saved_sql_mode */ ;
/*!50003 SET character_set_client  = @saved_cs_client */ ;
/*!50003 SET character_set_results = @saved_cs_results */ ;
/*!50003 SET collation_connection  = @saved_col_connection */ ;
/*!40103 SET TIME_ZONE=@OLD_TIME_ZONE */;

/*!40101 SET SQL_MODE=@OLD_SQL_MODE */;
/*!40014 SET FOREIGN_KEY_CHECKS=@OLD_FOREIGN_KEY_CHECKS */;
/*!40014 SET UNIQUE_CHECKS=@OLD_UNIQUE_CHECKS */;
/*!40101 SET CHARACTER_SET_CLIENT=@OLD_CHARACTER_SET_CLIENT */;
/*!40101 SET CHARACTER_SET_RESULTS=@OLD_CHARACTER_SET_RESULTS */;
/*!40101 SET COLLATION_CONNECTION=@OLD_COLLATION_CONNECTION */;
/*!40111 SET SQL_NOTES=@OLD_SQL_NOTES */;

-- Dump completed on 2024-04-14 13:27:51
